Depth(ft),Field Name,Well Name,Facies Association ,Operation Code,Operation Code-Numeric,Group Facies Association ,Perm(mD),Porosity (Frac),CEC,KKLCorrection Factor,Corrected K (mD),Corrected PhiT,Kv,Log(R35),R35,R35 Grouping,RQI,NPHI,FZI,HFU
6303,ABC,5,FA-1,F1-Cgpbm,1,GFA-1,916.62,0.193,-999.25,0.038525794,881.306487,0.18914,77.54132112,1.36304581,23.06990523,4,2.163942209,0.239157373,9.048193587,9
5745.8642,ABC,3,FA-1,F1-CGpbm,1,GFA-1,308,0.166,-999.25,0.052972939,291.6843348,0.16268,47.11625598,1.141094433,13.83867255,3,1.35254263,0.199040767,6.795304539,7
5745.8634,ABC,3,FA-1,F1-CGpbm,1,GFA-1,255.45,0.164,-999.25,0.055947097,241.1583142,0.16072,35.9714847,1.097870789,12.52768396,3,1.239254994,0.196172249,6.317177894,6
6359.119,ABC,5,FA-1,F1-Cgpbx,1,GFA-1,233.17,0.24,-999.25,0.057457994,219.7725196,0.2352,7.297909941,0.931689019,8.544546522,3,0.978724283,0.315789474,3.099293562,3
6358.2043,ABC,5,FA-1,F1-Cgpbx,1,GFA-1,171.45,0.208,-999.25,0.06285542,160.6734383,0.20384,20.70265078,0.906866122,8.069862266,3,0.901502064,0.262626263,3.432642474,3
6360.0337,ABC,5,FA-1,F1-Cgpbx,1,GFA-1,135.64,0.212,-999.25,0.067305979,126.510617,0.20776,14.25676713,0.839889831,6.916554947,2,0.794247046,0.269035533,2.952201284,3
5749.4426,ABC,3,FA-1,F1-CGpbm,1,GFA-1,115.73,0.141,-999.25,0.070499276,107.5711187,0.13818,5.525902312,0.952380907,8.961504085,3,0.899586788,0.164144354,5.480461352,5
5751.759,ABC,3,FA-1,F1-CGpbm,1,GFA-1,72,0.136,-999.25,0.080978511,66.16954718,0.13328,1.084888921,0.844733891,6.994133072,2,0.722481019,0.157407407,4.589879418,5
5748.1212,ABC,3,FA-1,F1-CGpbm,1,GFA-1,22.02,0.138,-999.25,0.114448004,19.49985496,0.13524,1.446493621,0.53672105,3.44128824,2,0.396642057,0.160092807,2.47757575,2
5747.2468,ABC,3,FA-1,F1-CGpbm,1,GFA-1,17.31,0.136,-999.25,0.122780143,15.18467573,0.13328,1.657213576,0.480741059,3.025109219,2,0.354249077,0.157407407,2.25052355,2
5750.7651,ABC,3,FA-1,F1-CGpbm,1,GFA-1,15.63,0.135,-999.25,0.126495436,13.65287633,0.1323,0.604590756,0.457439503,2.867077966,1,0.337864259,0.156069364,2.164833958,2
5755.7315,ABC,3,FA-1,F1-CGpbm,1,GFA-1,14,0.111,-999.25,0.130629568,12.17118604,0.10878,0.159498189,0.502764231,3.182469362,2,0.35264049,0.124859393,2.824300863,3
5755.7307,ABC,3,FA-1,F1-CGpbm,1,GFA-1,11.19,0.11,-999.25,0.139460909,9.629432424,0.1078,0.005677732,0.448948811,2.811569419,1,0.316700208,0.123595506,2.562392593,3
5748.7037,ABC,3,FA-1,F1-CGpbm,1,GFA-1,5.29,0.121,-999.25,0.173564868,4.371841849,0.11858,0.325720323,0.221865375,1.666730471,1,0.207617902,0.137656428,1.508232531,2
5753.0832,ABC,3,FA-1,F1-CGpbm,1,GFA-1,3.07,0.11,-999.25,0.203454112,2.445395875,0.1078,0.051639685,0.118674085,1.314238195,1,0.165883234,0.123595506,1.342146165,1
5727.3215,ABC,3,FA-1,F2-Spbx,2,GFA-1,3096.8999,0.244,-999.25,0.026999775,3013.284299,0.23912,119.3434557,1.585960365,38.54431792,6,3.537515235,0.322751323,10.96049802,11
6307,ABC,5,FA-1,F2-Spbx,2,GFA-1,2543.8899,0.233,-999.25,0.028596005,,,448.1738297,1.553037491,35.73036816,6,3.2809593,0.303780965,10.80041109,11
6311,ABC,5,FA-1,F2-Spbx,2,GFA-1,1825.77,0.204,-999.25,0.031504212,1768.250554,0.19992,268.3705474,1.518209823,32.97689964,6,2.970555,0.256281407,11.59098912,12
6304.699,ABC,5,FA-1,F2-Spbx,2,GFA-1,1804.5699,0.207,-999.25,0.031611839,1747.524128,0.20286,81.85461537,1.509749362,32.34069603,6,2.931779676,0.261034048,11.23140717,11
6276.5,ABC,5,FA-1,F2-Spbx,2,GFA-1,1772.41,0.231,-999.25,0.031778261,1716.085892,0.22638,14.79828576,1.463994994,29.10683568,5,2.750462664,0.300390117,9.156302114,9
6279.2907,ABC,5,FA-1,F2-Spbx,2,GFA-1,1684.62,0.228,-999.25,0.032253163,1630.285677,0.22344,175.1258051,1.45592744,28.57113151,5,2.699064113,0.295336788,9.138936381,9
6308.6,ABC,5,FA-1,F2-Spbx,2,GFA-1,1680,0.222,-999.25,0.032279037,1625.771218,0.21756,140.4515919,1.465232888,29.18991886,5,2.731541491,0.285347044,9.572699461,10
6306,ABC,5,FA-1,F2-Spbx,2,GFA-1,1646.5,0.224,-999.25,0.032469444,1593.039061,0.21952,209.7172708,1.456724012,28.62358406,5,2.69207098,0.288659794,9.326103037,9
6308.5,ABC,5,FA-1,F2-Spbx,2,GFA-1,1527.12,0.21,-999.25,0.033190968,1476.433409,0.2058,164.4153925,1.46171995,28.95475872,5,2.677667104,0.265822785,10.07312863,10
6283.4767,ABC,5,FA-1,F2-Spbx,2,GFA-1,1520.5699,0.219,-999.25,0.033232653,1470.037328,0.21462,50.68784739,1.444876042,27.85326055,5,2.616440032,0.280409731,9.330774726,9
6310,ABC,5,FA-1,F2-Spbx,2,GFA-1,1461.85,0.209,-999.25,0.033617023,1412.706954,0.20482,223.7688936,1.452356462,28.33716913,5,2.626079752,0.264222503,9.938895136,10
5726.16,ABC,3,FA-1,F2-Spbx,2,GFA-1,1428.38,0.24,-999.25,0.033845154,1380.036258,0.2352,275.1905218,1.394545618,24.8053648,5,2.422400277,0.315789474,7.670934211,8
5740.6948,ABC,3,FA-1,F2-Spbx,2,GFA-1,1282.85,0.252,-999.25,0.034923963,1238.047794,0.24696,8.808491793,1.348797349,22.32530236,4,2.240357456,0.336898396,6.64994991,7
6312.7,ABC,5,FA-1,F2-Spbx,2,GFA-1,1260,0.261,-999.25,0.035107724,1215.764267,0.25578,93.74317884,1.331040482,21.43090357,4,2.181698168,0.353179973,6.177298644,6
5724.9267,ABC,3,FA-1,F2-Spbx,2,GFA-1,1153.67,0.204,-999.25,0.036023263,1112.111042,0.19992,171.1852434,1.400983516,25.17581368,5,2.361322819,0.256281407,9.21378904,9
6312.701,ABC,5,FA-1,F2-Spbx,2,GFA-1,1108.39,0.229,-999.25,0.036446904,1067.992616,0.22442,70.14218655,1.347381391,22.25263228,4,2.184530971,0.297016861,7.354905585,7
5729.6424,ABC,3,FA-1,F2-Spbx,2,GFA-1,1086.79,0.203,-999.25,0.036656952,1046.951591,0.19894,65.62908575,1.387577056,24.4105214,5,2.297494318,0.254705144,9.020211681,9
5739.9667,ABC,3,FA-1,F2-Spbx,2,GFA-1,1050,0.239,-999.25,0.037027433,1011.121196,0.23422,15.16617719,1.317523521,20.77416236,4,2.081255254,0.314060447,6.626925724,7
5741.4228,ABC,3,FA-1,F2-Spbx,2,GFA-1,976.46,0.251,-999.25,0.037820893,939.529411,0.24598,254.2727999,1.280598726,19.08089429,4,1.958483947,0.335113485,5.84424094,6
6330,ABC,5,FA-1,F2-Spbx,2,GFA-1,838.44,0.22,-999.25,0.039541857,805.2865257,0.2156,85.6712601,1.291148333,19.55007075,4,1.938448656,0.282051282,6.872681599,7
5739.9659,ABC,3,FA-1,F2-Spbx,2,GFA-1,837.21,0.24,-999.25,0.039558811,804.0909677,0.2352,26.63245872,1.258124119,18.11857836,4,1.854561462,0.315789474,5.872777962,6
5742.1517,ABC,3,FA-1,F2-Spbx,2,GFA-1,783.46,0.237,-999.25,0.040332762,751.8608942,0.23226,154.3226275,1.245899324,17.61567641,4,1.805360305,0.31061599,5.812193723,6
5728.8443,ABC,3,FA-1,F2-Spbx,2,GFA-1,754,0.222,-999.25,0.040786688,723.2468369,0.21756,119.9223009,1.260645381,18.22407027,4,1.829948357,0.285347044,6.413062262,6
6281.1512,ABC,5,FA-1,F2-Spbx,2,GFA-1,671.58,0.224,-999.25,0.042188913,643.2467699,0.21952,4.093961798,1.227719192,16.89348271,4,1.719311294,0.288659794,5.956185554,6
5728.8451,ABC,3,FA-1,F2-Spbx,2,GFA-1,592,0.224,-999.25,0.043771652,566.0871819,0.21952,78.02038776,1.195510876,15.68595178,4,1.614234007,0.288659794,5.592167809,6
6331,ABC,5,FA-1,F2-Spbx,2,GFA-1,544.17,0.186,-999.25,0.044861767,519.7575722,0.18228,82.39883854,1.243752758,17.52882311,4,1.698401926,0.228501229,7.432791226,7
6327,ABC,5,FA-1,F2-Spbx,2,GFA-1,455.82,0.233,-999.25,0.047243625,434.2854109,0,11.6225741,1.11397499,13.00094706,3,1.388827719,0.303780965,4.57180627,5
6355.4647,ABC,5,FA-1,F2-Spbx,2,GFA-1,402.95,0.227,-999.25,0.048975349,383.2153831,0,33.28893869,1.092281342,12.36748355,3,1.322946554,0.293661061,4.505011835,5
6320,ABC,5,FA-1,F2-Spbx,2,GFA-1,401.51,0.169,-999.25,0.049026573,381.8253406,0,0.643505209,1.202079351,15.92499668,4,1.530504035,0.203369434,7.525732859,8
6328,ABC,5,FA-1,F2-Spbx,2,GFA-1,347,0.228,-999.25,0.051160487,329.2473109,0.22344,32.38067648,1.052458023,11.28386868,3,1.224974257,0.295336788,4.147719852,4
6329,ABC,5,FA-1,F2-Spbx,2,GFA-1,345.6,0.208,-999.25,0.051220917,327.8980511,0.20384,19.76639794,1.085874634,12.18637769,3,1.279925959,0.262626263,4.87356423,5
6325,ABC,5,FA-1,F2-Spbx,2,GFA-1,343.48,0.243,-999.25,0.051313029,325.8550007,0.23814,56.48069603,1.025946235,10.61564128,3,1.180530572,0.321003963,3.67761993,4
6314.299,ABC,5,FA-1,F2-Spbx,2,GFA-1,328.56,0.21,-999.25,0.051982766,311.4805422,0.2058,13.05428222,1.069371967,11.73199764,3,1.242016443,0.265822785,4.672347573,5
6324,ABC,5,FA-1,F2-Spbx,2,GFA-1,320.8,0.213,-999.25,0.052346837,304.0071347,0.20874,16.25104151,1.057945826,11.42735781,3,1.218588362,0.27064803,4.50248376,5
5743.6064,ABC,3,FA-1,F2-Spbx,2,GFA-1,308.98,0.209,-999.25,0.052923823,292.6275971,0.20482,8.289023996,1.055472666,11.3624678,3,1.207318038,0.264222503,4.569323294,5
6321,ABC,5,FA-1,F2-Spbx,2,GFA-1,287.03,0.214,-999.25,0.054074948,271.5088677,0.20972,2.048070582,1.027783747,10.66065151,3,1.149969725,0.272264631,4.223720578,4
6326.3,ABC,5,FA-1,F2-Spbx,2,GFA-1,284.13,0.206,-999.25,0.05423553,268.7200589,0.20188,69.39255844,1.039486771,10.95183195,3,1.166150448,0.259445844,4.494774058,4
5744.6978,ABC,3,FA-1,F2-Spbx,2,GFA-1,278.63,0.23,-999.25,0.054545979,263.431854,0.2254,6.011278427,0.99314354,9.843363884,3,1.092898091,0.298701299,3.658832741,4
6356.3785,ABC,5,FA-1,F2-Spbx,2,GFA-1,269.28,0.117,-999.25,0.055092348,254.4447326,0.11466,34.76043006,1.238047425,17.30005267,4,1.506394657,0.132502831,11.36877335,11
5725.5078,ABC,3,FA-1,F2-Spbx,2,GFA-1,259.049,0.173,-999.25,0.055719006,244.6150473,0.16954,31.85365501,1.081396736,12.06137266,3,1.215059531,0.209189843,5.808405968,6
6322,ABC,5,FA-1,F2-Spbx,2,GFA-1,172.87,0.196,-999.25,0.062704216,162.0303221,0.19208,2.061124928,0.931269898,8.53630449,3,0.932527029,0.243781095,3.825263934,4
6318,ABC,5,FA-1,F2-Spbx,2,GFA-1,124.99,0.213,-999.25,0.068932384,116.3741413,0.20874,30.02404669,0.81724268,6.565120174,2,0.760637058,0.27064803,2.810428943,3
6365.5,ABC,5,FA-1,F2-Spbx,2,GFA-1,102.41,0.236,-999.25,0.073061891,94.92773176,0.23128,14.00044496,0.727885341,5.344232462,2,0.654101025,0.308900524,2.117513488,2
6323,ABC,5,FA-1,F2-Spbx,2,GFA-1,102.06,0.188,-999.25,0.073134964,94.59584555,0.18424,16.30911552,0.81233469,6.491344976,2,0.731608101,0.231527094,3.159924349,3
6319,ABC,5,FA-1,F2-Spbx,2,GFA-1,100.25,0.233,-999.25,0.073518094,92.87981108,0.22834,11.34167007,0.7272421,5.336322896,2,0.651319196,0.303780965,2.144042161,2
6365.201,ABC,5,FA-1,F2-Spbx,2,GFA-1,85,0.196,-999.25,0.077147268,78.44248221,0.19208,12.94214601,0.749989083,5.623271892,2,0.653899605,0.243781095,2.682322871,3
6372,ABC,5,FA-1,F2-Spbx,2,GFA-1,81.08,0.206,-999.25,0.078218245,74.73806471,0.20188,7.863206956,0.719260001,5.239139963,2,0.622949595,0.259445844,2.401077566,2
6364.4,ABC,5,FA-1,F2-Spbx,2,GFA-1,54.4,0.218,-999.25,0.087885251,49.61904232,0.21364,0.377479187,0.596105743,3.945533567,2,0.496021899,0.278772379,1.779307915,2
6369.801,ABC,5,FA-1,F2-Spbx,2,GFA-1,52.63,0.204,-999.25,0.088738224,47.95970725,0.19992,3.533980393,0.612564757,4.097932088,2,0.504349099,0.256281407,1.967950406,2
6333.5,ABC,5,FA-1,F2-Spbx,2,GFA-1,40.43,0.19,-999.25,0.095841452,36.55513009,0.1862,9.734274185,0.571898689,3.731630969,2,0.458041384,0.234567901,1.952702742,2
6334.5,ABC,5,FA-1,F2-Spbx,2,GFA-1,32.56,0.179,-999.25,0.102095602,29.2357672,0.17542,4.015410528,0.538993406,3.459341255,2,0.423492117,0.218026797,1.942385632,2
6335.5,ABC,5,FA-1,F2-Spbx,2,GFA-1,32.44,0.188,-999.25,0.102205736,29.12444591,0.18424,5.41779596,0.519643155,3.308591544,2,0.412468841,0.231527094,1.781514355,2
5909.7612,ABC,118,FA-1,F2-Spbx,2,GFA-1,21.686,0.192,-999.25,0.114959927,19.19297903,0.18816,2.612103214,0.408901257,2.563901031,1,0.333709646,0.237623762,1.404361427,1
5908.5933,ABC,118,FA-1,F2-Spbx,2,GFA-1,2.927,0.233,-999.25,0.206307703,2.323137354,0.22834,0.087709777,-0.175138955,0.668130111,1,0.11129177,0.303780965,0.366355311,0
5907.4412,ABC,118,FA-1,F2-Spbx,2,GFA-1,1.911,0.227,-999.25,0.233659131,1.4644774,0.22246,0.132600872,-0.274225057,0.531832586,1,0.091106018,0.293661061,0.310242077,0
5897.5,ABC,118,FA-1,F2-Spbx,2,GFA-1,1.609,0.219,-999.25,0.24569511,1.213676568,0.21462,0.079821858,-0.304688761,0.495805384,1,0.085110984,0.280409731,0.303523647,0
5906.466,ABC,118,FA-1,F2-Spbx,2,GFA-1,1.552,0.198,-999.25,0.248296442,1.166643922,0.19404,0.414415562,-0.276074395,0.52957272,1,0.087910937,0.246882793,0.356083696,0
5896.5,ABC,118,FA-1,F2-Spbx,2,GFA-1,1.455,0.222,-999.25,0.253020019,1.086855872,0.21756,0.229603898,-0.33548553,0.46186438,1,0.080386785,0.285347044,0.281715849,0
5901.1719,ABC,118,FA-1,F2-Spbx,2,GFA-1,1.149,0.218,-999.25,0.271079971,0.837529114,0.21364,0.140796559,-0.388958234,0.408358657,1,0.072087741,0.278772379,0.25858997,0
5902.2307,ABC,118,FA-1,F2-Spbx,2,GFA-1,1.023,0.223,-999.25,0.280431757,0.736118313,0.21854,0.247911257,-0.427128529,0.373999887,,0.067253522,0.287001287,0.234331779,0
5903.2906,ABC,118,FA-1,F2-Spbx,2,GFA-1,0.878,0.223,-999.25,0.293231404,0.620542827,0.21854,0.191890989,-0.466160626,0.341852983,,0.062305226,0.287001287,0.217090406,0
5900.1152,ABC,118,FA-1,F2-Spbx,2,GFA-1,0.639,0.213,-999.25,0.321739682,0.433408344,0.20874,0.275007793,-0.530085473,0.295062846,,0.054386395,0.27064803,0.200948794,0
5898.5,ABC,118,FA-1,F2-Spbx,2,GFA-1,0.508,0.212,-999.25,0.344031868,0.333231811,0.20776,0.215142548,-0.586906321,0.258877126,,0.048606413,0.269035533,0.18066912,0
5904.3505,ABC,118,FA-1,F2-Spbx,2,GFA-1,0.197,0.193,-999.25,0.453656085,0.107629751,0.18914,0.236752776,-0.793575374,0.160851319,,0.03172372,0.239157373,0.132647886,0
5695.4,ABC,3,FA-1,F3-Sx,3,GFA-1,5050,0.259,-999.25,0.023407218,4931.79355,0.25382,90.39906594,1.688444334,48.80275442,6,4.384554322,0.349527665,12.54422684,13
5694.5023,ABC,3,FA-1,F3-Sx,3,GFA-1,4152.4199,0.251,-999.25,0.024783744,4049.507389,0.24598,690.4395814,1.650243048,44.69336432,6,4.038716969,0.335113485,12.05178888,12
5695.4007,ABC,3,FA-1,F3-Sx,3,GFA-1,4041.3101,0.264,-999.25,0.024980803,3940.354927,0.25872,702.4249642,1.624369247,42.10844916,6,3.884979869,0.358695652,10.83085297,11
5699.9023,ABC,3,FA-1,F3-Sx,3,GFA-1,3670.1101,0.273,-999.25,0.025693578,3575.811841,0.26754,448.0016781,1.58718678,38.65331799,6,3.640724958,0.375515818,9.695263899,10
5699.1296,ABC,3,FA-1,F3-Sx,3,GFA-1,3325.729,0.25,-999.25,0.02644356,3237.784887,0.245,72.11276904,1.595049305,39.3594757,6,3.621621606,0.333333333,10.86486482,11
5701.3815,ABC,3,FA-1,F3-Sx,3,GFA-1,2910,0.253,-999.25,0.027495025,2829.989476,0.24794,391.2183458,1.556472947,36.0141316,6,3.367564185,0.338688086,9.942966189,10
5701.3822,ABC,3,FA-1,F3-Sx,3,GFA-1,2872.1689,0.251,-999.25,0.027600285,2792.89622,0.24598,392.8537389,1.55610937,35.98399437,6,3.358905419,0.335113485,10.02318788,10
5696.1044,ABC,3,FA-1,F3-Sx,3,GFA-1,2535.3401,0.274,-999.25,0.02862413,2462.768195,0.26852,361.4210114,1.491356814,30.9996517,5,3.020455762,0.377410468,8.003105414,8
5700.537,ABC,3,FA-1,F3-Sx,3,GFA-1,2309.6299,0.25,-999.25,0.029414163,2241.694069,0.245,24.36795791,1.50194276,31.76455384,6,3.018080646,0.333333333,9.054241938,9
5733.4875,ABC,3,FA-1,F3-Sx,3,GFA-1,2120,0.266,-999.25,0.030159269,2056.06235,0.26068,214.3199562,1.456787752,28.62778535,5,2.803217271,0.36239782,7.735193522,8
5698.2845,ABC,3,FA-1,F3-Sx,3,GFA-1,2026.5601,0.253,-999.25,0.030558857,1964.630739,0.24794,328.6178571,1.464078449,29.11242941,5,2.810277015,0.338688086,8.297537274,8
5702.6481,ABC,3,FA-1,F3-Sx,3,GFA-1,1949.66,0.243,-999.25,0.030906006,1889.403796,0.23814,368.9562415,1.469332002,29.46673395,5,2.812586916,0.321003963,8.761844836,9
5733.4882,ABC,3,FA-1,F3-Sx,3,GFA-1,1925.141,0.267,-999.25,0.03102043,1865.422298,0.26166,200.3099778,1.430758246,26.96238127,5,2.666277139,0.36425648,7.319779562,7
5696.8067,ABC,3,FA-1,F3-Sx,3,GFA-1,1536.64,0.237,-999.25,0.033130792,1485.7299,0.23226,76.9292924,1.417921844,26.17711879,5,2.528375318,0.31061599,8.139874969,8
5697.5104,ABC,3,FA-1,F3-Sx,3,GFA-1,1426.88,0.239,-999.25,0.03385554,1378.572207,0.23422,165.2429031,1.395844035,24.87963671,5,2.426187847,0.314060447,7.725225738,8
5735.671,ABC,3,FA-1,F3-Sx,3,GFA-1,1136.4301,0.257,-999.25,0.036181986,1095.311802,0.25186,165.6301379,1.310476906,20.43981241,4,2.08801902,0.34589502,6.036568608,6
5734.2141,ABC,3,FA-1,F3-Sx,3,GFA-1,978.08,0.249,-999.25,0.03780259,941.1060425,0.24402,171.6467581,1.284023899,19.23197557,4,1.967964064,0.331557923,5.935506073,6
5736.3998,ABC,3,FA-1,F3-Sx,3,GFA-1,835.33,0.246,-999.25,0.039584788,802.2636394,0.24108,45.31511121,1.248284618,17.71269392,4,1.82974738,0.326259947,5.6082501,6
5737.7824,ABC,3,FA-1,F3-Sx,3,GFA-1,689.44,0.244,-999.25,0.041866813,660.5753442,0.23912,83.25566275,1.202331118,15.93423135,4,1.669102368,0.322751323,5.171481107,5
5734.9429,ABC,3,FA-1,F3-Sx,3,GFA-1,492,0.231,-999.25,0.046201606,469.2688101,0.22638,38.06698072,1.13671473,13.69981586,3,1.449126203,0.300390117,4.824147404,5
5739.2371,ABC,3,FA-1,F3-Sx,3,GFA-1,292.3,0.225,-999.25,0.05378843,276.5776421,0.2205,2.951323616,1.013621648,10.31862068,3,1.131755977,0.290322581,3.898270587,4
5734.9421,ABC,3,FA-1,F3-Sx,3,GFA-1,245.5,0.231,-999.25,0.056599923,231.6047189,0.22638,0.794690041,0.959189529,9.103104521,3,1.023645087,0.300390117,3.407718926,3
5737.0543,ABC,3,FA-1,F3-Sx,3,GFA-1,226.37,0.237,-999.25,0.057956716,213.2503382,0.23226,33.48102035,0.928850925,8.488890374,3,0.970431557,0.31061599,3.124216361,3
5738.5112,ABC,3,FA-1,F3-Sx,3,GFA-1,95.63,0.199,-999.25,0.07453794,88.50193682,0.19502,13.66562437,0.774380306,5.948127998,2,0.688335531,0.248439451,2.770636986,3
5693.6743,ABC,3,FA-1,F3-Sx,3,GFA-1,21.81,0.172,-999.25,0.11476869,19.30689488,0.16856,1.141065449,0.451632953,2.829000038,1,0.353584532,0.207729469,1.702139489,2
5709.67,ABC,118,FA-1,F3-Sx,3,GFA-1,0.623,0.076,-999.25,0.32413085,0.42106648,0.07448,0.216355501,-0.149863972,0.708167559,1,0.089901487,0.082251082,1.093012816,1
5730.4404,ABC,3,FA-2,F5-Srx,5,GFA-2,1800.86,0.263,-999.25,0.031630841,1743.897285,0.25774,17.15967415,1.419380445,26.26518384,5,2.598314696,0.356852103,7.281208864,7
5687.8625,ABC,118,FA-2,F6-Sdfl,6,GFA-2,2577.3701,0.249,-999.25,0.028487035,2503.948466,0.24402,90.75372121,1.531455714,33.99818355,6,3.19461383,0.331557923,9.635160589,10
5688.8125,ABC,118,FA-2,F6-Sdfl,6,GFA-2,1984.981,0.252,-999.25,0.0307444,1923.95395,0.24696,301.5334349,1.460270669,28.85829502,5,2.786811248,0.336898396,8.271963545,8
5831,ABC,118,FA-2,F6-Sdfl,6,GFA-2,1936.259,0.242,-999.25,0.030968313,1876.296325,0.23716,28.63011723,1.469118032,29.45221974,5,2.808689236,0.319261214,8.79746463,9
5704.67,ABC,118,FA-2,F6-Sdfl,6,GFA-2,1887.433,0.25,-999.25,0.031200129,1828.544847,0.245,218.2638655,1.4503923,28.20929941,5,2.728320685,0.333333333,8.184962056,8
5708.381,ABC,118,FA-2,F6-Sdfl,6,GFA-2,1883.282,0.231,-999.25,0.031220194,1824.485571,0.22638,274.8512186,1.479489478,30.16403794,5,2.835184565,0.300390117,9.438341691,9
6092.388,ABC,5,FA-2,F6-Sdlf,6,GFA-2,1687.391,0.266,-999.25,0.032237688,1632.993416,0.26068,160.1438442,1.398505114,25.03255126,5,2.500902116,0.36239782,6.900985537,7
5834.569,ABC,118,FA-2,F6-Sdfl,6,GFA-2,1468.455,0.232,-999.25,0.033572801,1419.154853,0.22736,22.0084652,1.414332439,25.96165885,5,2.498135418,0.302083333,8.269689661,8
5707.459,ABC,118,FA-2,F6-Sdfl,6,GFA-2,1379.134,0.251,-999.25,0.034193676,1331.976339,0.24598,182.0852298,1.368770506,23.37601656,4,2.327533926,0.335113485,6.945509605,7
5689.7625,ABC,118,FA-2,F6-Sdfl,6,GFA-2,1323.04,0.247,-999.25,0.034610795,1277.248534,0.24206,16.35157777,1.364194741,23.13101773,4,2.298093311,0.328021248,7.005928192,7
6083.3571,ABC,5,FA-2,F6-Sdlf,6,GFA-2,1205.61,0.245,-999.25,0.035563007,1162.734883,0.2401,110.2995114,1.343510126,22.05515559,4,2.202672992,0.324503311,6.787829015,7
6081.6429,ABC,5,FA-2,F6-Sdlf,6,GFA-2,1114.47,0.252,-999.25,0.036388731,1073.915851,0.24696,268.0648526,1.312866142,20.55257026,4,2.088159022,0.336898396,6.198186303,6
6089.3011,ABC,5,FA-2,F6-Sdlf,6,GFA-2,1058.15,0.244,-999.25,0.036943929,,0.23912,42.75082744,1.311728965,20.49882486,4,2.067799153,0.322751323,6.406787539,6
5832.9355,ABC,118,FA-2,F6-Sdfl,6,GFA-2,1039.354,0.234,-999.25,0.03713778,,0.22932,87.3918385,1.322854432,21.0307341,4,2.092683091,0.305483029,6.850407043,7
5701.671,ABC,118,FA-2,F6-Sdfl,6,GFA-2,1033.332,0.248,-999.25,0.037200847,,0.24304,72.93825687,1.299566796,19.93273057,4,2.026859977,0.329787234,6.14596251,6
5705.831,ABC,118,FA-2,F6-Sdfl,6,GFA-2,1033.332,0.215,-999.25,0.037200847,994.8911739,0.2107,42.48111598,1.353146219,22.54998303,4,2.176859289,0.27388535,7.948067638,8
6177.7508,ABC,5,FA-2,F6-Sdfl,6,GFA-2,1018.5,0.238,-999.25,0.037358227,980.4506458,0.23324,123.9453703,1.311318597,20.47946451,4,2.05410049,0.312335958,6.576573838,7
5767.6008,ABC,118,FA-2,F6-Sdfl,6,GFA-2,1005.951,0.214,-999.25,0.037493712,968.2341624,0.20972,20.50923833,1.348037674,22.28628469,4,2.152837128,0.272264631,7.907149452,8
6173.5,ABC,5,FA-2,F6-Sdfl,6,GFA-2,1003.75,0.201,-999.25,0.037517701,966.0916079,0.19698,39.34988023,1.370994435,23.49602711,4,2.21893407,0.251564456,8.820538916,9
5839.7414,ABC,118,FA-2,F6-Sdfl,6,GFA-2,928.187,0.234,-999.25,0.03838498,892.5585607,0.22932,6.973823726,1.293967162,19.677375,4,1.977604584,0.305483029,6.473697057,6
6225.8,ABC,5,FA-2,F6-Sdfl,6,GFA-2,855.04,0.222,-999.25,0.039316137,821.4231302,0.21756,80.15892897,1.292759052,19.62271301,4,1.948706245,0.285347044,6.829249813,7
6076.201,ABC,5,FA-2,F6-Sdlf,6,GFA-2,835.63,0.228,-999.25,0.039580637,802.555232,0.22344,115.4262913,1.276888538,18.91858009,4,1.900943619,0.295336788,6.436528395,6
6085.4131,ABC,5,FA-2,F6-Sdlf,6,GFA-2,811.8,0.24,-999.25,0.039916436,779.3958374,0.2352,61.23025036,1.250253527,17.79317814,4,1.826200893,0.315789474,5.782969493,6
5700.579,ABC,118,FA-2,F6-Sdfl,6,GFA-2,795.461,0.243,-999.25,0.040154125,763.5199599,0.23814,101.8209048,1.240400088,17.39402492,4,1.796536136,0.321003963,5.596616688,6
6077.6636,ABC,5,FA-2,F6-Sdlf,6,GFA-2,779.1,0.237,-999.25,0.040398539,747.625498,0.23226,21.13837031,1.244474233,17.55796719,4,1.800329829,0.31061599,5.795998564,6
5696.579,ABC,118,FA-2,F6-Sdfl,6,GFA-2,777.894,0.232,-999.25,0.040416818,746.454,0.22736,29.03513504,1.252079589,17.86814997,4,1.818217638,0.302083333,6.018927354,6
6086.3286,ABC,5,FA-2,F6-Sdlf,6,GFA-2,755.96,0.245,-999.25,0.040755781,725.1502595,0.2401,34.88333502,1.224317807,16.76169011,4,1.744198923,0.324503311,5.374980356,5
5831.831,ABC,118,FA-2,F6-Sdfl,6,GFA-2,747.093,0.224,-999.25,0.040896437,716.539558,0.21952,102.7441307,1.254930016,17.98581063,4,1.813397332,0.288659794,6.282126473,6
5702.669,ABC,118,FA-2,F6-Sdfl,6,GFA-2,727.778,0.231,-999.25,0.041210434,697.7859525,0.22638,26.39042494,1.236694616,17.24624757,4,1.762475626,0.300390117,5.867288989,6
5764.0572,ABC,118,FA-2,F6-Sdfl,6,GFA-2,718.468,0.221,-999.25,0.041365655,688.7481004,0.21658,16.27990074,1.250012644,17.78331184,4,1.790347055,0.283697047,6.31077084,6
6078.3916,ABC,5,FA-2,F6-Sdlf,6,GFA-2,697.27,0.239,-999.25,0.041728982,668.1736326,0.23422,106.0839805,1.21298399,16.32991747,4,1.696020853,0.314060447,5.400300707,5
6090.4417,ABC,5,FA-2,F6-Sdlf,6,GFA-2,695.8,0.242,-999.25,0.041754706,666.7470758,0.23716,86.73636125,1.207764365,16.13482894,4,1.683697927,0.319261214,5.273731525,5
6087.3571,ABC,5,FA-2,F6-Sdlf,6,GFA-2,593.12,0.261,-999.25,0.043747501,567.1724823,0.25578,1.09703679,1.138630432,13.76038015,3,1.496858262,0.353179973,4.238230864,4
6182.5,ABC,5,FA-2,F6-Sdfl,6,GFA-2,584.45,0.229,-999.25,0.043936013,558.771597,0.22442,41.29501919,1.183949593,15.27388768,4,1.586300965,0.297016861,5.340777484,5
5856.699,ABC,5,FA-2,F6-Sdfl,6,GFA-2,575.25,0.185,-999.25,0.044140042,549.8584408,0.1813,91.46158666,1.259959324,18.19530432,4,1.75094336,0.226993865,7.713615341,8
6179.2492,ABC,5,FA-2,F6-Sdfl,6,GFA-2,561.92,0.218,-999.25,0.044443262,536.9464422,0.21364,66.8598364,1.19238219,15.57335521,4,1.594184735,0.278772379,5.718589278,6
5765.3367,ABC,118,FA-2,F6-Sdfl,6,GFA-2,548.486,0.216,-999.25,0.044758398,523.936645,0.21168,99.12291472,1.189661301,15.47609192,4,1.582288042,0.275510204,5.743119559,6
6290.7316,ABC,5,FA-2,F6-Sdfl,6,GFA-2,524.16,0.199,-999.25,0.045355236,500.3865998,0.19502,6.902763923,1.208835701,16.17468013,4,1.611517581,0.248439451,6.486560714,6
5830.171,ABC,118,FA-2,F6-Sdfl,6,GFA-2,516.1,0.215,-999.25,0.045560931,492.5860034,0.2107,38.87302295,1.17586068,14.99203819,3,1.538428609,0.27388535,5.617053295,6
5766.5164,ABC,118,FA-2,F6-Sdfl,6,GFA-2,475.799,0.22,-999.25,0.046655539,453.6003413,0.2156,21.23005518,1.146471836,14.01108721,3,1.4602596,0.282051282,5.177284037,5
6080.3553,ABC,5,FA-2,F6-Sdlf,6,GFA-2,472.63,0.24,-999.25,0.046746668,,,24.77148869,1.112116003,12.94541575,3,1.393428438,0.315789474,4.412523387,4
5706.629,ABC,118,FA-2,F6-Sdfl,6,GFA-2,439.818,0.216,-999.25,0.047739203,418.8214393,0.21168,19.1399606,1.133276483,13.59178458,3,1.416900234,0.275510204,5.142823073,5
6224.199,ABC,5,FA-2,F6-Sdfl,6,GFA-2,404.62,0.198,-999.25,0.048916238,384.8275116,0.19404,25.31869158,1.144625115,13.95163529,3,1.419452048,0.246882793,5.74949769,6
6023.799,ABC,5,FA-2,F6-Sdfl,6,GFA-3,399.25,0.219,-999.25,0.049107447,379.6438516,0.21462,43.85820516,1.103388301,12.68785774,3,1.340695196,0.280409731,4.781200674,5
5822.581,ABC,118,FA-2,F6-Sdfl,6,GFA-2,368.341,0.198,-999.25,0.050276595,349.8220686,0.19404,31.62947706,1.120636313,13.20189616,3,1.354322471,0.246882793,5.485690009,5
6291.8488,ABC,5,FA-2,F6-Sdfl,6,GFA-2,360,0.221,-999.25,0.050613987,341.7789647,0.21658,6.864814804,1.073550946,11.84543315,3,1.267315544,0.283697047,4.467143931,4
5768.5922,ABC,118,FA-2,F6-Sdfl,6,GFA-2,352.211,0.208,-999.25,0.050938298,334.2699712,0.20384,8.826815812,1.090713393,12.3229133,3,1.292109853,0.262626263,4.919956749,5
6180.5833,ABC,5,FA-2,F6-Sdfl,6,GFA-2,292.86,0.23,-999.25,0.053758376,277.116322,0.2254,32.78852604,1.005863264,10.13592209,3,1.120458457,0.298701299,3.751100053,4
6348.7931,ABC,5,FA-2,F6-Sdfl,6,GFA-2,291.72,0.239,-999.25,0.053819635,276.0197361,0.23422,33.80609398,0.990464342,9.782826292,3,1.097018117,0.314060447,3.493015846,3
6294.1744,ABC,5,FA-2,F6-Sdfl,6,GFA-2,290.56,0.217,-999.25,0.053882286,274.9039628,0.21266,32.85470679,1.025681456,10.60917116,3,1.148993825,0.277139208,4.145908593,4
5837.6724,ABC,118,FA-2,F6-Sdfl,6,GFA-2,286.24,0.217,-999.25,0.054118484,270.7491251,0.21266,45.4905952,1.02185622,10.51613663,3,1.140420309,0.277139208,4.11497282,4
6352.4483,ABC,5,FA-2,F6-Sdfl,6,GFA-2,266.5,0.205,-999.25,0.055259543,251.7733317,0.2009,14.47583807,1.024954626,10.59143062,3,1.1321431,0.257861635,4.39050617,4
6344.2241,ABC,5,FA-2,F6-Sdfl,6,GFA-2,260.04,0.235,-999.25,0.055656918,245.5669751,0.2303,38.66005333,0.96744098,9.277713977,3,1.04451768,0.307189542,3.400238406,3
6021.801,ABC,5,FA-2,F6-Sdfl,6,GFA-3,248.37,0.215,-999.25,0.05640816,234.3599054,0.2107,11.00089831,0.989091463,9.751949943,3,1.067234821,0.27388535,3.896648068,4
5698.669,ABC,118,FA-2,F6-Sdfl,6,GFA-2,247.474,0.21,-999.25,0.056467719,233.4997078,0.2058,28.10888471,0.996997921,9.931112948,3,1.077915681,0.265822785,4.055016132,4
5861.899,ABC,5,FA-2,F6-Sdfl,6,GFA-2,247.26,0.227,-999.25,0.056481985,233.2942644,0.22246,37.66985639,0.967568132,9.280430697,3,1.036319456,0.293661061,3.528964493,4
6293.2442,ABC,5,FA-2,F6-Sdfl,6,GFA-2,234.53,0.207,-999.25,0.057360502,221.0772414,0.20286,24.49359986,0.988678283,9.742676512,3,1.056923799,0.261034048,4.048988273,4
6229.901,ABC,5,FA-2,F6-Sdfl,6,GFA-2,228.97,0.197,-999.25,0.05776377,215.7438295,0.19306,4.570985178,1.001130988,10.0260759,3,1.070497918,0.245330012,4.363501667,4
5763.1689,ABC,118,FA-2,F6-Sdfl,6,GFA-2,227.693,0.178,-999.25,0.05785818,214.5190973,0.17444,16.38115983,1.037758729,10.90834159,3,1.12303809,0.216545012,5.186164664,5
5695.671,ABC,118,FA-2,F6-Sdfl,6,GFA-2,193.603,0.215,-999.25,0.060664211,181.8582269,0.2107,22.29389846,0.925477475,8.423207032,3,0.94225068,0.27388535,3.440310622,3
5699.67,ABC,118,FA-2,F6-Sdfl,6,GFA-2,193.231,0.2,-999.25,0.060698289,181.5022088,0.196,42.67148657,0.952123243,8.956188859,3,0.976007266,0.25,3.904029065,4
6343.3103,ABC,5,FA-2,F6-Sdfl,6,GFA-2,191.51,0.214,-999.25,0.060857061,179.8552643,0.20972,22.97408209,0.924451076,8.403323371,3,0.939330642,0.272264631,3.45006488,3
5838.7069,ABC,118,FA-2,F6-Sdfl,6,GFA-2,189.988,0.205,-999.25,0.060999017,178.3989188,0.2009,18.33164782,0.938535653,8.680318338,3,0.955907355,0.257861635,3.707055351,4
6295.4767,ABC,5,FA-2,F6-Sdfl,6,GFA-2,173.25,0.201,-999.25,0.062664026,162.3934576,0.19698,10.70784108,0.922378473,8.363315363,3,0.921866941,0.251564456,3.66453575,4
5636.0809,ABC,1,FA-2,F6-Sdfl,6,GFA-2,172,0.24,-999.25,0.062796664,161.1989738,0.2352,18.40349714,0.853988214,7.144769361,3,0.840597803,0.315789474,2.661893043,3
6018,ABC,5,FA-2,F6-Sdfl,6,GFA-3,167.67,0.195,-999.25,0.063265932,157.0622011,0.1911,15.30215916,0.92538985,8.421507699,3,0.92074639,0.242236025,3.801029967,4
6230.902,ABC,5,FA-2,F6-Sdfl,6,GFA-2,161.16,0.188,-999.25,0.064001737,150.8454801,0.18424,2.433388234,0.928994886,8.491704763,3,0.919346766,0.231527094,3.970795607,4
6080.5,ABC,5,FA-2,F6-Sdlf,6,GFA-2,156,0.182,-999.25,0.06461279,145.9204047,0.17836,5.620207514,0.932855585,8.567529029,3,0.919297869,0.222493888,4.131789322,4
6340.9363,ABC,5,FA-2,F6-Sdfl,6,GFA-2,142.25,0.218,-999.25,0.066377305,132.8078284,0.21364,14.79908602,0.841568327,6.943338322,2,0.802098195,0.278772379,2.877251322,3
5819.925,ABC,118,FA-2,F6-Sdfl,6,GFA-2,138.593,0.196,-999.25,0.066884028,0,0.19208,2.389125257,0.874834636,7.496087308,3,0.834972669,0.243781095,3.42509197,3
6015.299,ABC,5,FA-2,F6-Sdfl,6,GFA-3,130.52,0.211,-999.25,0.068066462,0,0.20678,17.01998816,0.831838073,6.789504381,2,0.780956696,0.267427123,2.920259873,3
6232.5,ABC,5,FA-2,F6-Sdfl,6,GFA-2,126.76,0.225,-999.25,0.068649925,118.0579355,0.2205,14.19525508,0.800267856,6.313466144,2,0.745297225,0.290322581,2.567134887,3
6340.2044,ABC,5,FA-2,F6-Sdfl,6,GFA-2,126.24,0.217,-999.25,0.068732376,117.5632248,,19.95247836,0.812802618,6.498342802,2,0.757352867,0.277139208,2.732752513,3
5829.079,ABC,118,FA-2,F6-Sdfl,6,GFA-2,124.337,0.209,-999.25,0.069037899,115.7530348,,22.88535825,0.823018635,6.653017026,2,0.765872891,0.264222503,2.898590701,3
6338.4682,ABC,5,FA-2,F6-Sdfl,6,GFA-2,122.99,0.249,-999.25,0.069257833,114.4719792,0.24402,9.799899384,0.754527207,5.682339888,2,0.697854487,0.331557923,2.104773975,2
6016.9,ABC,5,FA-2,F6-Sdfl,6,GFA-3,120.71,0.22,-999.25,0.069637288,112.304083,0.2156,1.36513669,0.796211835,6.254777061,2,0.735512288,0.282051282,2.607725384,3
6339.1983,ABC,5,FA-2,F6-Sdfl,6,GFA-2,103.68,0.218,-999.25,0.072799424,96.13215575,0.21364,23.04471129,0.760802243,5.765038909,2,0.684776575,0.278772379,2.456400375,2
6346.5086,ABC,5,FA-2,F6-Sdfl,6,GFA-2,99.43,0.239,-999.25,0.07369462,92.1025439,0.23422,10.25425122,0.715604468,5.195226278,2,0.640456175,0.314060447,2.039276775,2
6289.0581,ABC,5,FA-2,F6-Sdfl,6,GFA-2,99.29,0.192,-999.25,0.073724947,91.96985001,0.18816,16.99902197,0.797408179,6.272030747,2,0.714055205,0.237623762,3.00498232,3
5859.1,ABC,5,FA-2,F6-Sdfl,6,GFA-2,94.47,0.248,-999.25,0.07480404,87.40326232,0.24304,16.21971227,0.68866657,4.8827734,2,0.612845167,0.329787234,1.858304699,2
5826.402,ABC,118,FA-2,F6-Sdfl,6,GFA-2,93.506,0.21,-999.25,0.075028411,86.49039338,0.2058,17.92892343,0.748456143,5.603458284,2,0.662582163,0.265822785,2.492570994,2
6018.901,ABC,5,FA-2,F6-Sdfl,6,GFA-3,86.75,0.219,-999.25,0.07668955,80.09718154,0.21462,4.844441827,0.713558741,5.170811917,2,0.624945769,0.280409731,2.228687881,2
5703.669,ABC,118,FA-2,F6-Sdfl,6,GFA-2,82.936,0.184,-999.25,0.07770302,76.49162235,0.18032,13.91744312,0.767418335,5.85353656,2,0.666641398,0.225490196,2.956409676,3
6336.4569,ABC,5,FA-2,F6-Sdfl,6,GFA-2,79.61,0.223,-999.25,0.078637253,73.34968832,0.21854,15.24959677,0.684833561,4.839868491,2,0.593281804,0.287001287,2.067174715,2
6342.2129,ABC,5,FA-2,F6-Sdfl,6,GFA-2,75.08,0.232,-999.25,0.07999407,69.07404523,0.22736,13.84622506,0.655026648,4.518836711,2,0.56486906,0.302083333,1.869911372,2
5836.6379,ABC,118,FA-2,F6-Sdfl,6,GFA-2,69.39,0.178,-999.25,0.081856314,63.70999034,0.17444,8.034659397,0.734319688,5.424000087,2,0.619966311,0.216545012,2.862990493,3
5870.9259,ABC,118,FA-2,F6-Sdfl,6,GFA-2,64.229,0.192,-999.25,0.083724657,58.85144898,0.18816,5.207521967,0.686173661,4.854825906,2,0.574307667,0.237623762,2.416878097,2
5871.9444,ABC,118,FA-2,F6-Sdfl,6,GFA-2,59.034,0.212,-999.25,0.085812199,53.96816263,0.20776,3.267309353,0.627453916,4.24085981,2,0.523977723,0.269035533,1.947615309,2
6354.55,ABC,5,FA-2,F6-Sdfl,6,GFA-2,48.96,0.209,-999.25,0.090631087,44.522702,0.20482,4.272269568,0.585020357,3.8460981,2,0.480592744,0.264222503,1.81889407,2
5868.4601,ABC,118,FA-2,F6-Sdfl,6,GFA-2,44.978,0.188,-999.25,0.092904091,40.79935981,0.18424,2.51174717,0.603091701,4.00951369,2,0.485680642,0.231527094,2.097727026,2
5697.75,ABC,118,FA-2,F6-Sdfl,6,GFA-2,42.641,0.169,-999.25,0.094362901,38.61727155,0.16562,9.671994275,0.629444387,4.260341251,2,0.498769613,0.203369434,2.45252987,2
6351.5345,ABC,5,FA-2,F6-Sdfl,6,GFA-2,41.03,0.201,-999.25,0.095430068,37.11450429,0.19698,1.084569994,0.554542298,3.585438672,2,0.44862387,0.251564456,1.783335684,2
6286.7326,ABC,5,FA-2,F6-Sdfl,6,GFA-2,41,0.183,-999.25,0.095450453,37.08653144,0.17934,1.06025108,0.589559166,3.886504422,2,0.469998023,0.223990208,2.098297187,2
6288.1279,ABC,5,FA-2,F6-Sdfl,6,GFA-2,39.44,0.186,-999.25,0.096537779,35.63255001,0.18228,6.350834047,0.573551717,3.745861512,2,0.457237276,0.228501229,2.00102765,2
6020.899,ABC,5,FA-2,F6-Sdfl,6,GFA-3,39.43,0.183,-999.25,0.096544927,35.62323352,0.17934,1.396089532,0.579588403,3.798292478,2,0.460911444,0.223990208,2.057730328,2
5857.801,ABC,5,FA-2,F6-Sdfl,6,GFA-2,31.06,0.208,-999.25,0.103511369,27.84493686,0.20384,1.135924665,0.470607732,2.955341906,1,0.383706102,0.262626263,1.461034775,1
6285.2442,ABC,5,FA-2,F6-Sdfl,6,GFA-2,27.94,0.18,-999.25,0.106761033,24.95709673,0.1764,1.327970923,0.49782568,3.146485102,2,0.391206981,0.219512195,1.782165137,2
5835.6034,ABC,118,FA-2,F6-Sdfl,6,GFA-2,26.064,0.186,-999.25,0.108949913,23.22432948,0.18228,0.378221108,0.467772964,2.936114336,1,0.371700983,0.228501229,1.626691398,2
5864.901,ABC,5,FA-2,F6-Sdfl,6,GFA-2,24.11,0.227,-999.25,0.111457499,21.42275971,0.22246,1.73064401,0.373125619,2.361161097,1,0.323605076,0.293661061,1.101967945,1
6170.3,ABC,5,FA-2,F6-Sdfl,6,GFA-2,24,0.206,-999.25,0.111606425,21.32144581,0.20188,0.574405433,0.408382932,2.560842871,1,0.338923481,0.259445844,1.306336137,1
5869.5703,ABC,118,FA-2,F6-Sdfl,6,GFA-2,23.453,0.181,-999.25,0.112360314,20.81781356,0.17738,3.305737494,0.451042373,2.825155602,1,0.357428816,0.221001221,1.617316023,2
6170.301,ABC,5,FA-2,F6-Sdfl,6,GFA-2,22.05,0.209,-999.25,0.114402514,19.52742456,0.20482,0.381447035,0.381317862,2.406123207,1,0.322523083,0.264222503,1.220649561,1
6296.5,ABC,5,FA-2,F6-Sdfl,6,GFA-2,21.35,0.176,-999.25,0.115485297,18.8843889,0.17248,4.252794232,0.437563008,2.738816957,1,0.345837636,0.213592233,1.619148932,2
6169.1,ABC,5,FA-2,F6-Sdfl,6,GFA-2,20.97,0.215,-999.25,0.116092493,18.53554043,0.2107,1.862619807,0.357873048,2.279675584,1,0.310105617,0.27388535,1.132246091,1
5862.601,ABC,5,FA-2,F6-Sdfl,6,GFA-2,18,0.188,-999.25,0.121386756,15.81503839,0.18424,1.386545503,0.369227851,2.340064624,1,0.307246522,0.231527094,1.32704349,1
5877.8632,ABC,118,FA-2,F6-Sdfl,6,GFA-2,16.947,0.182,-999.25,0.123542325,14.85332821,0.17836,2.528834257,0.366004905,2.322763027,1,0.302998423,0.222493888,1.361828079,1
5694.67,ABC,118,FA-2,F6-Sdfl,6,GFA-2,16.69,0.168,-999.25,0.124094813,14.61885758,0.16464,1.937579505,0.392137107,2.466817988,1,0.312970336,0.201923077,1.549948329,2
6172.5,ABC,5,FA-2,F6-Sdfl,6,GFA-2,12.84,0.223,-999.25,0.13397072,11.11981596,0.21854,2.423013748,0.218900832,1.655391925,1,0.238264713,0.287001287,0.830186915,1
5616.7184,ABC,1,FA-2,F6-Sdfl,6,GFA-2,12,0.239,-999.25,0.136643807,10.36027431,0.23422,0.154681998,0.175622786,1.498382825,1,0.222495546,0.314060447,0.70844816,1
5870.3148,ABC,118,FA-2,F6-Sdfl,6,GFA-2,10.555,0.173,-999.25,0.141860365,9.057663848,0.16954,2.0859119,0.264121611,1.837052681,1,0.245265078,0.209189843,1.172452135,1
5758.2916,ABC,118,FA-2,F6-Sdfl,6,GFA-2,8,0.166,-999.25,0.153818511,6.769451915,0.16268,1.81205876,0.208843524,1.617497151,1,0.217981982,0.199040767,1.095162489,1
5860.301,ABC,5,FA-2,F6-Sdfl,6,GFA-2,7.35,0.214,-999.25,0.157672145,6.191109736,0.20972,1.072664037,0.091899455,1.235661329,1,0.184020595,0.272264631,0.675888728,1
5855.701,ABC,5,FA-2,F6-Sdfl,6,GFA-2,7.01,0.203,-999.25,0.15986788,5.889326158,0.19894,0.212051229,0.099605618,1.257782702,1,0.184518807,0.254705144,0.724440834,1
5849.7112,ABC,118,FA-2,F6-Sdfl,6,GFA-2,6.828,0.169,-999.25,0.161100605,5.728005066,0.16562,0.115534439,0.161670473,1.451010224,1,0.199587368,0.203369434,0.981402977,1
5615.28,ABC,1,FA-2,F6-Sdfl,6,GFA-2,6,0.228,-999.25,0.167297986,4.996212083,0.22344,0.393011977,0.016297227,1.038238734,1,0.161078601,0.295336788,0.545406492,1
5864,ABC,5,FA-2,F6-Sdfl,6,GFA-2,5.43,0.195,-999.25,0.172246072,4.494703827,0.1911,0.030706839,0.049472396,1.120656193,1,0.165696089,0.242236025,0.684027444,1
6168,ABC,5,FA-2,F6-Sdfl,6,GFA-2,5.38,0.198,-999.25,0.172711976,4.450809568,0.19404,0.415347392,0.041381254,1.099971046,1,0.163677201,0.246882793,0.662975331,1
6164.301,ABC,5,FA-2,F6-Sdfl,6,GFA-2,5.22,0.194,-999.25,0.174241295,4.310460438,0.19012,0.092775991,0.041329561,1.099840128,1,0.162878603,0.240694789,0.676701823,1
5617.7184,ABC,1,FA-2,F6-Sdfl,6,GFA-2,4,0.225,-999.25,0.1883256,3.246697598,0.2205,0.248266633,-0.082274421,0.827419171,1,0.132394025,0.290322581,0.456023863,0
6019.902,ABC,5,FA-2,F6-Sdfl,6,GFA-3,3.63,0.214,-999.25,0.193739486,2.926725665,0.20972,0.393922073,-0.088252405,0.816107925,1,0.12932309,0.272264631,0.474990416,0
5699.7838,ABC,1,FA-2,F6-Sdfl,6,GFA-3,3,0.206,-999.25,0.204829013,2.385512962,0.20188,0.21414638,-0.122633981,0.753990752,1,0.119827546,0.259445844,0.46185957,0
5967.401,ABC,5,FA-2,F6-Sdfl,6,GFA-3,2.5,0.103,-999.25,0.216029169,1.959927077,0.10094,0.094362983,0.090897363,1.232813447,1,0.154696697,0.114827202,1.34721298,1
5811.375,ABC,3,FA-2,F6-Sdfl,6,GFA-2,2.31,0.185,-999.25,0.221073242,1.799320811,0.1813,0.213952065,-0.149032529,0.709524622,1,0.11095574,0.226993865,0.488805016,0
5884.0556,ABC,118,FA-2,F6-Sdfl,6,GFA-2,2.305,0.206,-999.25,0.221213164,1.795103658,0.20188,0.073501406,-0.189930772,0.645757157,1,0.105034386,0.259445844,0.404841276,0
5969.399,ABC,5,FA-2,F6-Sdfl,6,GFA-3,2.09,0.111,-999.25,0.2276293,1.614254763,0.10878,0.19010384,0.017086963,1.040128419,1,0.136251503,0.124859393,1.091239515,1
5696.731,ABC,1,FA-2,F6-Sdfl,6,GFA-3,2,0.157,-999.25,0.230573886,1.538852228,0.15386,0.072536457,-0.124251662,0.751187474,1,0.112071406,0.18623962,0.601759204,1
6166,ABC,5,FA-2,F6-Sdfl,6,GFA-2,1.9,0.186,-999.25,0.234053331,1.455298671,0.18228,0.161409367,-0.200952066,0.629575666,1,0.100357533,0.228501229,0.439199096,0
5759.1019,ABC,118,FA-2,F6-Sdfl,6,GFA-2,1.844,0.153,-999.25,0.236106906,1.408618865,0.14994,0.330981312,-0.135305977,0.732308412,1,0.109009511,0.180637544,0.603470952,1
6164.799,ABC,5,FA-2,F6-Sdfl,6,GFA-2,1.82,0.17,-999.25,0.237011835,1.38863846,0.1666,0.034696362,-0.178185892,0.663459028,1,0.102740312,0.204819277,0.501614466,1
5850.636,ABC,118,FA-2,F6-Sdfl,6,GFA-2,1.523,0.047,-999.25,0.249667784,1.142755965,0.04606,0.298010821,0.258734994,1.814408175,1,0.17874367,0.049317943,3.624313139,4
6167,ABC,5,FA-2,F6-Sdfl,6,GFA-2,1.33,0.192,-999.25,0.259744404,0.984539943,0.18816,0.056266982,-0.303947497,0.49665236,1,0.082642768,0.237623762,0.347788315,0
5879,ABC,118,FA-2,F6-Sdfl,6,GFA-2,1.037,0.186,-999.25,0.279320931,0.747344194,0.18228,0.269680803,-0.355581275,0.440979829,1,0.074141702,0.228501229,0.324469601,0
5698.7662,ABC,1,FA-2,F6-Sdfl,6,GFA-3,1,0.113,-999.25,0.2823,0.7177,0.11074,0.138112907,-0.177859775,0.663957414,1,0.093409366,0.127395716,0.733222195,1
5881.829,ABC,118,FA-2,F6-Sdfl,6,GFA-2,0.835,0.195,-999.25,0.297562657,0.586535182,0.1911,0.181547028,-0.428638257,0.372702017,,0.06497639,0.242236025,0.268235867,0
5882.5,ABC,118,FA-2,F6-Sdfl,6,GFA-2,0.789,0.173,-999.25,0.302527176,0.550306058,0.16954,0.101118125,-0.398190555,0.399769305,,0.067057151,0.209189843,0.320556439,0
5889.419,ABC,118,FA-2,F6-Sdfl,6,GFA-2,0.767,0.165,-999.25,0.305035673,0.533037639,0.1617,0.176033034,-0.387646454,0.409593962,1,0.067699484,0.19760479,0.342600419,0
5880.6612,ABC,118,FA-2,F6-Sdfl,6,GFA-2,0.707,0.174,-999.25,0.312377978,0.48614877,0.17052,0.133734429,-0.428375935,0.372927204,,0.063294319,0.210653753,0.300466135,0
5877.2648,ABC,118,FA-2,F6-Sdfl,6,GFA-2,0.694,0.102,-999.25,0.314075394,0.476031677,0.09996,0.110798403,-0.23271118,0.585179118,1,0.081904789,0.113585746,0.721083341,1
5878.6,ABC,118,FA-2,F6-Sdfl,6,GFA-2,0.66,0.153,-999.25,0.318716134,0.449647351,0.14994,0.141183039,-0.397681562,0.400238109,1,0.065216262,0.180637544,0.361033815,0
5887.5,ABC,118,FA-2,F6-Sdfl,6,GFA-2,0.606,0.148,-999.25,0.326759988,0.407983447,0.14504,0.233544755,-0.407012219,0.391730855,,0.063538229,0.17370892,0.365774126,0
5886.5,ABC,118,FA-2,F6-Sdfl,6,GFA-2,0.576,0.182,-999.25,0.331640463,0.384975093,0.17836,0.253235837,-0.497573259,0.317999723,,0.055860549,0.222493888,0.251065542,0
5890.5,ABC,118,FA-2,F6-Sdfl,6,GFA-2,0.419,0.133,-999.25,0.363935469,0.266511039,0.13034,0.232529645,-0.461145972,0.345823122,,0.055732797,0.153402537,0.363310789,0
5883.2778,ABC,118,FA-2,F6-Sdfl,6,GFA-2,0.373,0.143,-999.25,0.376505998,0.232563263,0.14014,0.226946228,-0.518045543,0.303357305,,0.05071262,0.166861144,0.303921084,0
5684.3,ABC,118,FA-2,F6-Sdfl,6,GFA-2,0.229,0.098,-999.25,0.434149112,0.129579853,0.09604,0.223238802,-0.500836066,0.315619578,,0.047999239,0.10864745,0.441788914,0
5888.671,ABC,118,FA-2,F6-Sdfl,6,GFA-2,0.207,0.157,-999.25,0.447144134,0.114441164,0.15386,0.256963018,-0.703466737,0.197939862,,0.036054958,0.18623962,0.193594456,0
5884.8333,ABC,118,FA-2,F6-Sdfl,6,GFA-2,0.189,0.099,-999.25,0.459181129,0.102214767,0.09702,0.24054738,-0.553669267,0.279467129,,0.043385335,0.109877913,0.39485037,0
5885.7426,ABC,118,FA-2,F6-Sdfl,6,GFA-2,0.175,0.15,-999.25,0.469616955,0.092817033,0.147,0.235082021,-0.729236475,0.186536372,,0.033915876,0.176470588,0.192189966,0
5892.7972,ABC,118,FA-2,F6-Sdfl,6,GFA-2,0.119,0.178,-999.25,0.525594928,0.056454204,0.17444,0.216486198,-0.891941269,0.128250401,,0.025673976,0.216545012,0.118561843,0
6212.85,ABC,5,FA-2,F6-Sdfl,8,GFA-2,734.51,0.24,-999.25,0.041099785,704.3217972,0.2352,75.52507868,1.224704142,16.77660743,4,1.737092254,0.315789474,5.500792137,6
6220.5,ABC,5,FA-2,F6-Sdfl,8,GFA-2,613.53,0.236,-999.25,0.043317444,586.9534485,0.23128,35.24035231,1.185051482,15.3126897,4,1.601000798,0.308900524,5.182900887,5
6217.95,ABC,5,FA-2,F6-Sdfl,8,GFA-2,589.06,0.233,-999.25,0.043835331,563.2383597,0.22834,58.94922108,1.17945829,15.11674509,4,1.578815764,0.303780965,5.197217558,5
6218.8,ABC,5,FA-2,F6-Sdfl,8,GFA-2,543.06,0.233,-999.25,0.044888523,518.6828387,0.22834,72.8793404,1.158695,14.41102925,3,1.5159176,0.303780965,4.99016652,5
6215.2308,ABC,5,FA-2,F6-Sdfl,8,GFA-2,435.1,0.235,-999.25,0.047889783,414.2631556,0.2303,47.2102408,1.098887748,12.5570536,3,1.351108601,0.307189542,4.3982897,4
6216.675,ABC,5,FA-2,F6-Sdfl,8,GFA-2,320.04,0.237,-999.25,0.052383105,303.2753112,0.23226,44.7593648,1.017277535,10.40584937,3,1.153871923,0.31061599,3.714785981,4
6212,ABC,5,FA-2,F6-Sdfl,8,GFA-2,297,0.208,-999.25,0.053538475,281.099073,0.20384,6.963905527,1.047174071,11.14741247,3,1.18652312,0.262626263,4.517914959,5
6213.9558,ABC,5,FA-2,F6-Sdfl,8,GFA-2,265.22,0.25,-999.25,0.055337285,250.5434453,0.245,11.01916785,0.94926032,8.897342721,3,1.0227342,0.333333333,3.068202601,3
6024.8,ABC,5,FA-2,F9-Hms,9,GFA-2,402.46,0.236,-999.25,0.048992753,382.7423767,0.23128,12.46975679,1.07738099,11.95036006,3,1.296686556,0.308900524,4.197748002,4
6025.801,ABC,5,FA-2,F9-Hms,9,GFA-2,304,0.212,-999.25,0.053175526,287.8346402,0.20776,58.88009086,1.045975483,11.1166897,3,1.189045598,0.269035533,4.419660053,4
5888.2598,ABC,3,FA-2,F9-Hms,9,GFA-2,9.95,0.163,-999.25,0.144326652,8.513949808,0.15974,1.319922877,0.271389881,1.868055957,1,0.245328151,0.19474313,1.259752532,1
5739.4065,ABC,118,FA-2,F9-Hms,9,GFA-2,2.297,0.108,-999.25,0.221437856,1.788357245,0.10584,0.244910932,0.05148454,1.125860391,1,0.144809905,0.121076233,1.196022547,1
6025.699,ABC,5,FA-2,F9-Hms,9,GFA-2,2.24,0.217,-999.25,0.223068608,1.740326319,0.21266,0.313045826,-0.216755375,0.607078182,1,0.100884348,0.277139208,0.36402048,0
5799.3846,ABC,3,FA-2,F9-Hms,9,GFA-2,2.17,0.161,-999.25,0.225146208,1.68143273,0.15778,0.351467963,-0.112859233,0.77115338,1,0.115278038,0.191895113,0.600734621,1
5738.4116,ABC,118,FA-2,F9-Hms,9,GFA-2,0.215,0.103,-999.25,0.442220476,0.119922598,0.10094,0.228799844,-0.535617548,0.291328151,,0.045365977,0.114827202,0.395080399,0
5737.2225,ABC,118,FA-2,F9-Hms,9,GFA-2,0.103,0.086,-999.25,0.548229509,0.046532361,0.08428,0.243213472,-0.655858374,0.22087249,,0.03436363,0.094091904,0.365213463,0
5719.2846,ABC,3,FA-2,F11-Hm,11,GFA-2,3447.45,0.264,-999.25,0.026167454,3357.239011,0.25872,569.0111981,1.583783017,38.3515585,6,3.588200255,0.358695652,10.00346738,10
6316,ABC,5,FA-2,F11-Hm,11,GFA-2,260.54,0.209,-999.25,0.055625708,246.0472781,0.20482,34.76183344,1.011927761,10.27845316,3,1.108648081,0.264222503,4.19588819,4
5827.081,ABC,118,FA-2,F11-Hm,11,GFA-2,173.826,0.219,-999.25,0.062603321,162.9439151,0.21462,6.460141424,0.89104375,7.781149326,3,0.884636713,0.280409731,3.154800333,3
6317,ABC,5,FA-2,F11-Hm,11,GFA-2,108.68,0.191,-999.25,0.071805083,100.8762236,0.18718,17.83091773,0.822443153,6.644206978,2,0.749010282,0.236093943,3.172509518,3
5648.902,ABC,3,FA-2,F11-Hm,11,GFA-2,3.29,0.14,-999.25,0.199383711,2.634027589,0.1372,0.556401483,0.045856565,1.111364615,1,0.152217148,0.162790698,0.935048192,1
5925.2637,ABC,118,FA-3,F4-Smlm,4,GFA-2,1925.682,0.264,-999.25,0.031017885,1865.951417,0.25872,154.6350176,1.435069935,27.23139783,5,2.681760379,0.358695652,7.476422875,7
5920.1067,ABC,118,FA-3,F4-Smlm,4,GFA-2,1301.4041,0.267,-999.25,0.034777834,1256.144085,0.26166,164.2973869,1.330768627,21.41749265,4,2.192199643,0.36425648,6.018285911,6
5731.8914,ABC,3,FA-3,F4-Smlm,4,GFA-2,1286.35,0.247,-999.25,0.034896189,1241.461287,0.24206,35.63310615,1.357013013,22.75165602,4,2.26600439,0.328021248,6.908102452,7
5918.772,ABC,118,FA-3,F4-Smlm,4,GFA-2,1260.578,0.241,-999.25,0.035103023,1216.327901,0.23618,30.99742555,1.361072273,22.96530791,4,2.270941718,0.317523057,7.152052962,7
5917.4387,ABC,118,FA-3,F4-Smlm,4,GFA-2,1228.48,0.258,-999.25,0.035368399,1185.03063,0.25284,74.9624,1.328909011,21.32598067,4,2.16672523,0.347708895,6.231434575,6
5924.4856,ABC,118,FA-3,F4-Smlm,4,GFA-2,890.724,0.25,-999.25,0.03884954,856.1197826,0.245,141.1546976,1.258628807,18.13964599,4,1.874265974,0.333333333,5.622797921,6
5643.9977,ABC,1,FA-3,F4-Smlm,4,GFA-2,794,0.245,-999.25,0.040175685,762.100506,0.2401,185.0983829,1.236854959,17.2526161,4,1.787544479,0.324503311,5.508555436,6
5933.4191,ABC,118,FA-3,F4-Smlm,4,GFA-2,582.283,0.253,-999.25,0.043983696,556.6720417,0.24794,11.4941767,1.145602727,13.98307628,3,1.506386597,0.338688086,4.447710624,4
5646.0897,ABC,1,FA-3,F4-Smlm,4,GFA-2,525,0.239,-999.25,0.045334034,501.1996324,0.23422,110.6111327,1.140517884,13.82031316,3,1.471669703,0.314060447,4.685944118,5
5643.6839,ABC,1,FA-3,F4-Smlm,4,GFA-2,496,0.243,-999.25,0.046092496,473.1381219,0.23814,1.294855568,1.119779405,13.17587316,3,1.418624152,0.321003963,4.419335322,4
5732.6169,ABC,3,FA-3,F4-Smlm,4,GFA-2,475.26,0.233,-999.25,0.046670983,453.0791486,0.22834,17.26295433,1.124640067,13.324167,3,1.418134163,0.303780965,4.668278554,5
5638.78,ABC,1,FA-3,F4-Smlm,4,GFA-2,457,0.238,-999.25,0.047207972,435.4259566,0.23324,7.917235871,1.106668235,12.78404335,3,1.375939282,0.312335958,4.405318205,4
5638.96,ABC,1,FA-3,F4-Smlm,4,GFA-2,416,0.234,-999.25,0.048521657,395.8149906,0.22932,14.30693109,1.089024378,12.27508131,3,1.323940247,0.305483029,4.333924057,4
5924.1509,ABC,118,FA-3,F4-Smlm,4,GFA-2,407.753,0.261,-999.25,0.04880619,387.8521296,0.25578,21.08338272,1.042936135,11.03916271,3,1.241103433,0.353179973,3.514082134,4
5932.6538,ABC,118,FA-3,F4-Smlm,4,GFA-2,380.424,0.249,-999.25,0.049804966,361.4769956,0.24402,61.52643037,1.042881294,11.03776882,3,1.227337287,0.331557923,3.701728122,4
5913.079,ABC,118,FA-3,F4-Smlm,4,GFA-2,366.176,0.207,-999.25,0.050363214,347.7341999,0.20286,28.58824529,1.102451269,12.66051199,3,1.320655102,0.261034048,5.059321236,5
5921.5453,ABC,118,FA-3,F4-Smlm,4,GFA-2,343.117,0.221,-999.25,0.051328875,325.5051904,0.21658,74.98124429,1.06128511,11.51556127,3,1.237241929,0.283697047,4.361137839,4
5930.6375,ABC,118,FA-3,F4-Smlm,4,GFA-2,336.284,0.248,-999.25,0.051631253,318.9212356,0.24304,66.49563888,1.012896996,10.30141767,3,1.156263749,0.329787234,3.506090078,4
5935.3391,ABC,118,FA-3,F4-Smlm,4,GFA-2,334.788,0.247,-999.25,0.051698515,317.4799574,0.24206,30.10556103,1.013274524,10.31037648,3,1.156022037,0.328021248,3.524229124,4
5914.08,ABC,118,FA-3,F4-Smlm,4,GFA-2,325.812,0.24,-999.25,0.05211041,308.833803,0.2352,0.598478603,1.017122128,10.40212642,3,1.156931285,0.315789474,3.663615736,4
5638.8691,ABC,1,FA-3,F4-Smlm,4,GFA-2,310,0.232,-999.25,0.052872916,293.609396,0.22736,13.45567509,1.017139057,10.40253192,3,1.147800746,0.302083333,3.799616261,4
5934.3422,ABC,118,FA-3,F4-Smlm,4,GFA-2,294.572,0.249,-999.25,0.053666957,278.7632171,0.24402,32.66211496,0.977568345,9.496604348,3,1.080004851,0.331557923,3.257364029,3
5653.4126,ABC,1,FA-3,F4-Smlm,4,GFA-2,263,0.265,-999.25,0.055473274,248.4105289,0.2597,21.1627354,0.925249545,8.418787451,3,0.989201088,0.360544218,2.743633206,3
5643.8931,ABC,1,FA-3,F4-Smlm,4,GFA-2,251,0.225,-999.25,0.056234929,236.8850328,0.2205,18.07557579,0.974722453,9.434577419,3,1.048757911,0.290322581,3.61238836,4
5652.9942,ABC,1,FA-3,F4-Smlm,4,GFA-2,247,0.259,-999.25,0.056499339,233.0446632,0.25382,19.64195422,0.917814812,8.275891959,3,0.969679563,0.349527665,2.774256975,3
5641.2782,ABC,1,FA-3,F4-Smlm,4,GFA-2,234,0.23,-999.25,0.057398408,220.5687725,0.2254,46.04899323,0.948566074,8.883131146,3,1.00155236,0.298701299,3.353023119,3
5640.1286,ABC,1,FA-3,F4-Smlm,4,GFA-2,229,0.227,-999.25,0.05776156,215.7726027,0.22246,16.06957218,0.947976923,8.871088727,3,0.997319845,0.293661061,3.396159647,3
5912.079,ABC,118,FA-3,F4-Smlm,4,GFA-2,227.884,0.223,-999.25,0.057844016,214.7022742,0.21854,26.65845924,0.953400333,8.982564258,3,1.003769819,0.287001287,3.497440133,3
5910.9278,ABC,118,FA-3,F4-Smlm,4,GFA-2,209.541,0.18,-999.25,0.059278926,197.1196346,0.1764,32.67049054,1.012350735,10.28846856,3,1.071341434,0.219512195,4.880555423,5
5844.9138,ABC,118,FA-3,F4-Smlm,4,GFA-2,205.135,0.221,-999.25,0.059647915,192.899125,0.21658,19.02884414,0.929924458,8.509900021,3,0.956650701,0.283697047,3.372085503,3
5641.592,ABC,1,FA-3,F4-Smlm,4,GFA-2,204,0.225,-999.25,0.059744629,191.8120957,0.2205,24.79890806,0.921776843,8.351737636,3,0.945482452,0.290322581,3.256661778,3
5638.06,ABC,1,FA-3,F4-Smlm,4,GFA-2,188,0.241,-999.25,0.061186666,176.4969069,0.23618,16.64293605,0.875142091,7.501395966,3,0.877000925,0.317523057,2.762007062,3
5843.3621,ABC,118,FA-3,F4-Smlm,4,GFA-2,187.108,0.217,-999.25,0.061271697,175.6435753,0.21266,14.01157846,0.913289096,8.190097948,3,0.922031927,0.277139208,3.326963128,3
5642.638,ABC,1,FA-3,F4-Smlm,4,GFA-2,185,0.233,-999.25,0.061474745,173.6271722,0.22834,19.53141369,0.883701461,7.650705071,3,0.884784593,0.303780965,2.912574177,3
5647.1367,ABC,1,FA-3,F4-Smlm,4,GFA-2,184,0.247,-999.25,0.061572115,172.6707308,0.24206,8.649671182,0.860422712,7.251414194,3,0.857018275,0.328021248,2.612691341,3
5731.2392,ABC,3,FA-3,F4-Smlm,4,GFA-2,172.89,0.219,-999.25,0.062702098,162.0494342,0.21462,0.688858331,0.889664971,7.756485248,3,0.882251749,0.280409731,3.146295049,3
5844.0128,ABC,118,FA-3,F4-Smlm,4,GFA-2,171.255,0.212,-999.25,0.06287631,160.4871175,0.20776,1.645798645,0.899428053,7.932828276,3,0.892448878,0.269035533,3.317215639,3
5846.1241,ABC,118,FA-3,F4-Smlm,4,GFA-2,156.267,0.211,-999.25,0.064580534,146.1751936,0.20678,10.20765822,0.877813916,7.547687596,3,0.854519658,0.267427123,3.195336539,3
5848.6917,ABC,118,FA-3,F4-Smlm,4,GFA-2,146.809,0.21,-999.25,0.065768675,137.1535665,0.2058,30.45948506,0.863653105,7.305553162,3,0.830226021,0.265822785,3.123231222,3
5653.0978,ABC,1,FA-3,F4-Smlm,4,GFA-2,132,0.252,-999.25,0.067842726,123.0447602,0.24696,9.981608869,0.768087404,5.862561401,2,0.718648202,0.336898396,2.133130377,2
5853.7843,ABC,118,FA-3,F4-Smlm,4,GFA-2,111.32,0.194,-999.25,0.071303608,103.3824824,0.19012,7.342341081,0.822724346,6.648510295,2,0.752168916,0.240694789,3.124990445,3
5653.2034,ABC,1,FA-3,F4-Smlm,4,GFA-2,100,0.25,-999.25,0.073571715,92.64282853,0.245,12.01908635,0.700179833,5.01394808,2,0.628,0.333333333,1.884,2
5855.8223,ABC,118,FA-3,F4-Smlm,4,GFA-2,88.882,0.203,-999.25,0.076147779,82.11383307,0.19894,1.087725144,0.748225948,5.600488999,2,0.657035051,0.254705144,2.579590814,3
5858.9583,ABC,118,FA-3,F4-Smlm,4,GFA-2,83.153,0.206,-999.25,0.077643754,76.69668893,0.20188,2.701623222,0.72570694,5.31749316,2,0.630862916,0.259445844,2.431578424,2
5922.88,ABC,118,FA-3,F4-Smlm,4,GFA-2,80.524,0.224,-999.25,0.078375564,74.21288609,0.21952,0.007742971,0.686069812,4.853665158,2,0.59534445,0.288659794,2.062443272,2
5854.8038,ABC,118,FA-3,F4-Smlm,4,GFA-2,60.978,0.2,-999.25,0.085004186,55.79461477,0.196,13.05013699,0.657591911,4.545607273,2,0.548278528,0.25,2.193114112,2
5651.3196,ABC,1,FA-3,F4-Smlm,4,GFA-2,49,0.244,-999.25,0.090609477,44.56013564,0.23912,1.129352295,0.527130485,3.366126905,2,0.444972093,0.322751323,1.378684027,1
5864.3056,ABC,118,FA-3,F4-Smlm,4,GFA-2,48.16,0.194,-999.25,0.091068132,43.77415878,0.19012,0.801764183,0.608758955,4.062178045,2,0.494734301,0.240694789,2.055442509,2
5857.8573,ABC,118,FA-3,F4-Smlm,4,GFA-2,47.617,0.193,-999.25,0.091370156,43.26622729,0.18914,3.353560963,0.607802559,4.053242229,2,0.493210154,0.239157373,2.06228287,2
5650.2726,ABC,1,FA-3,F4-Smlm,4,GFA-2,43,0.237,-999.25,0.094132174,38.95231652,0.23226,1.651803789,0.504696881,3.196663196,2,0.422950656,0.31061599,1.361651268,1
5865.2222,ABC,118,FA-3,F4-Smlm,4,GFA-2,36.748,0.196,-999.25,0.098551363,33.12643451,0.19208,3.752052807,0.535848174,3.434378641,2,0.429950508,0.243781095,1.763674532,2
5840.7759,ABC,118,FA-3,F4-Smlm,4,GFA-2,32.128,0.179,-999.25,0.102494566,28.83505459,0.17542,1.409250025,0.535582592,3.432279067,2,0.420673329,0.218026797,1.929457,2
5842.2448,ABC,118,FA-3,F4-Smlm,4,GFA-2,29.702,0.184,-999.25,0.104871494,26.58710688,0.18032,2.798356122,0.505195389,3.200334615,2,0.398945512,0.225490196,1.769236617,2
5652.3666,ABC,1,FA-3,F4-Smlm,4,GFA-2,21,0.232,-999.25,0.116044041,18.56307514,0.22736,1.239749041,0.329683326,2.136403724,1,0.298741325,0.302083333,0.9889368,1
5851.7462,ABC,118,FA-3,F4-Smlm,4,GFA-2,19.28,0.187,-999.25,0.118976072,16.98614134,0.18326,2.568261357,0.388771785,2.447776637,1,0.318832335,0.2300123,1.386153413,1
5856.8388,ABC,118,FA-3,F4-Smlm,4,GFA-2,19.184,0.181,-999.25,0.119149615,16.89823379,0.17738,2.021994522,0.399733941,2.510348061,1,0.323265936,0.221001221,1.462733711,1
5926.5312,ABC,118,FA-3,F4-Smlm,4,GFA-2,18.245,0.21,-999.25,0.12090851,16.03902424,0.2058,0.476699013,0.331155124,2.143656147,1,0.292679251,0.265822785,1.101031467,1
5648.9139,ABC,1,FA-3,F4-Smlm,4,GFA-2,12,0.224,-999.25,0.136643807,10.36027431,0.21952,0.659241558,0.199944285,1.584689881,1,0.229824467,0.288659794,0.796177618,1
5859.8027,ABC,118,FA-3,F4-Smlm,4,GFA-2,10.003,0.173,-999.25,0.144102939,8.561538297,0.16954,1.312597171,0.250404765,1.779937549,1,0.238765586,0.209189843,1.14138231,1
5637.0709,ABC,1,FA-3,F4-Smlm,4,GFA-2,8,0.165,-999.25,0.153818511,6.769451915,0.1617,0.357051974,0.211110785,1.625963471,1,0.218641536,0.19760479,1.106458682,1
5863.287,ABC,118,FA-3,F4-Smlm,4,GFA-2,5.848,0.157,-999.25,0.168556198,4.862283351,0.15386,0.410235086,0.14974303,1.411702001,1,0.191638827,0.18623962,1.028990644,1
5915.081,ABC,118,FA-3,F4-Smlm,4,GFA-2,3.714,0.165,-999.25,0.192449614,2.999242135,0.1617,0.307312939,0.015160909,1.035525765,1,0.148973364,0.19760479,0.75389551,1
5852.8472,ABC,118,FA-3,F4-Smlm,4,GFA-2,3.428,0.16,-999.25,0.197005777,2.752664198,0.1568,0.069494023,0.006244333,1.014481971,1,0.145341642,0.19047619,0.763043622,1
5613.5,ABC,1,FA-3,F4-Smlm,4,GFA-2,3,0.179,-999.25,0.204829013,2.385512962,0.17542,0.270000731,-0.069917721,0.851299305,1,0.128547537,0.218026797,0.589595128,1
5867.3611,ABC,118,FA-3,F4-Smlm,4,GFA-2,2.464,0.162,-999.25,0.216946073,1.929444877,0.15876,0.083703781,-0.082736239,0.826539782,1,0.122459503,0.193317422,0.633463355,1
5613.199,ABC,1,FA-3,F4-Smlm,4,GFA-2,0.92,0.151,-999.25,0.289257636,0.653882975,0.14798,0.12457773,-0.30792884,0.492120164,1,0.077505958,0.177856302,0.435778532,0
5866.3426,ABC,118,FA-3,F4-Smlm,4,GFA-2,0.915,0.142,-999.25,0.289718294,0.649907761,0.13916,0.102244786,-0.286261526,0.51729523,1,0.079706919,0.165501166,0.481609413,0
5613.301,ABC,1,FA-3,F4-Smlm,4,GFA-2,0.68,0.134,-999.25,0.315949939,0.465154042,0.13132,0.175235246,-0.340303305,0.456769077,1,0.070734568,0.154734411,0.457135342,0
5925.875,ABC,118,FA-3,F4-Smlm,4,GFA-2,0.319,0.183,-999.25,0.394097789,0.193282805,0.17934,0.266348476,-0.65052882,0.223599681,,0.04145715,0.223990208,0.185084654,0
6069.301,ABC,5,FA-4,F8-Sssd,8,GFA-2,620.27,0.185,-999.25,0.043179468,593.4870711,0.1813,8.029352975,1.279201123,19.0195888,4,1.818168679,0.226993865,8.009770129,8
6072.201,ABC,5,FA-4,F8-Sssd,8,GFA-2,580.42,0.198,-999.25,0.044024872,554.8670835,0.19404,47.63759253,1.236761789,17.24891526,4,1.700075612,0.246882793,6.886164853,7
5653.9494,ABC,3,FA-4,F8-Sssd,8,GFA-2,125.01,0.209,-999.25,0.068929164,116.3931652,0.20482,1.647605735,0.824397125,6.674167854,2,0.767942817,0.264222503,2.906424729,3
6068.5,ABC,5,FA-4,F8-Sssd,8,GFA-2,37.03,0.209,-999.25,0.09833162,33.38878011,0.20482,0.823076996,0.513703191,3.263647095,2,0.417958692,0.264222503,1.581843661,2
5652.9831,ABC,3,FA-4,F8-Sssd,8,GFA-2,6.4,0.151,-999.25,0.164174736,5.349281692,0.14798,0.057305528,0.187397742,1.539563982,1,0.204423661,0.177856302,1.149375418,1
5655.11,ABC,3,FA-4,F8-Sssd,8,GFA-2,3.08,0.16,-999.25,0.203261005,2.453956104,0.1568,0.284763948,-0.021091844,0.95259469,1,0.137766941,0.19047619,0.72327644,1
5651,ABC,3,FA-4,F8-Sssd,8,GFA-2,2.99,0.144,-999.25,0.20502881,2.376963858,0.14112,0.491544333,0.010869466,1.025343696,1,0.143081669,0.168224299,0.85054103,1
5652,ABC,3,FA-4,F8-Sssd,8,GFA-2,2.93,0.159,-999.25,0.206245999,2.325699222,0.15582,0.585061901,-0.031488955,0.930060169,1,0.134792242,0.189060642,0.712957706,1
5660.1347,ABC,3,FA-4,F8-Sssd,8,GFA-2,1.62,0.118,-999.25,0.245206791,1.222764998,0.11564,0.244948083,-0.070911226,0.849354074,1,0.116344579,0.133786848,0.869626428,1
5779,ABC,5,FA-5,F7-Sbiot,7,GFA-3,1475.0699,0.212,-999.25,0.033528768,1425.612623,0.20776,37.95634245,1.449307626,28.13893301,5,2.619196116,0.269035533,9.735502545,10
5792.8077,ABC,5,FA-5,F7-Sbiot,7,GFA-3,403.35,0.281,-999.25,0.048961162,383.6015153,0.27538,17.41043529,1.012458792,10.29102875,3,1.18964537,0.390820584,3.043968047,3
5780.801,ABC,5,FA-5,F7-Sbiot,7,GFA-3,161,0.243,-999.25,0.064020303,150.6927313,0.23814,29.74067237,0.832449795,6.799074418,2,0.808238342,0.321003963,2.517845371,3
5780.5,ABC,5,FA-5,F7-Sbiot,7,GFA-3,148.74,0.229,-999.25,0.065518201,138.9948227,0.22442,25.1336595,0.834489676,6.831084794,2,0.800250208,0.297016861,2.694292184,3
5783.4395,ABC,5,FA-5,F7-Sbiot,7,GFA-3,143.06,0.242,-999.25,0.066267343,133.5797939,0.23716,13.21655615,0.803828238,6.365437196,2,0.763450837,0.319261214,2.391304687,2
5781.5,ABC,5,FA-5,F7-Sbiot,7,GFA-3,137.96,0.252,-999.25,0.066973493,128.720337,0.24696,7.262691403,0.779364806,6.016789336,2,0.734693116,0.336898396,2.180755757,2
5782.5769,ABC,5,FA-5,F7-Sbiot,7,GFA-3,90.75,0.217,-999.25,0.075686716,83.88143054,0.21266,2.039032342,0.728512611,5.35195694,2,0.642130203,0.277139208,2.316995158,2
6028.399,ABC,5,FA-5,F7-Sbiot,7,GFA-3,45.14,0.201,-999.25,0.092806609,40.95070967,0.19698,7.591476658,0.578920801,3.792458181,2,0.470557172,0.251564456,1.870523284,2
6030.4,ABC,5,FA-5,F7-Sbiot,7,GFA-3,41.91,0.195,-999.25,0.094840563,37.93523203,0.1911,0.025900264,0.57133288,3.726772485,2,0.460332007,0.242236025,1.900344953,2
6029.4,ABC,5,FA-5,F7-Sbiot,7,GFA-3,37.01,0.208,-999.25,0.098347133,33.3701726,0.20384,3.889950317,0.515364901,3.276158469,2,0.418849039,0.262626263,1.594848263,2
6031.401,ABC,5,FA-5,F7-Sbiot,7,GFA-3,29.31,0.2,-999.25,0.105279123,26.2242689,0.196,1.005508877,0.470515385,2.954713558,1,0.380121609,0.25,1.520486438,2
5782.5,ABC,118,FA-5,F9-Hms,9,GFA-3,1551.874,0.21,-999.25,0.033035493,1500.607077,0.2058,219.1642719,1.465826126,29.229819,5,2.699281817,0.265822785,10.15444112,10
5778.5931,ABC,118,FA-6,F12-Fl,12,GFA-3,1884.168,0.198,-999.25,0.031215906,1825.351988,0.19404,283.6975148,1.537451614,34.47081997,6,3.063069598,0.246882793,12.40697888,12
6360.6724,ABC,5,FA-6,F12-Fl,12,GFA-3,123.98,0.24,-999.25,0.069095888,115.4134918,0.2352,18.92505358,0.770388247,5.893703,2,0.713673947,0.315789474,2.2599675,2
6363.5,ABC,5,FA-6,F12-Fl,12,GFA-3,90.76,0.233,-999.25,0.075684281,83.89089468,0.22834,21.25563955,0.701846443,5.033226132,2,0.619724879,0.303780965,2.040038549,2
5661.1966,ABC,3,FA-6,F12-Fl,12,GFA-3,89,0.157,-999.25,0.076118285,82.22547261,0.15386,4.022085448,0.844984024,6.998162524,2,0.747609524,0.18623962,4.014234577,4
5777.8214,ABC,118,FA-6,F12-Fl,12,GFA-3,67.162,0.133,-999.25,0.08264009,61.61172628,0.13034,7.035564464,0.835340871,6.844486496,2,0.70561148,0.153402537,4.599737992,5
6361.5862,ABC,5,FA-6,F12-Fl,12,GFA-3,63.73,0.206,-999.25,0.083915552,58.38206189,0.20188,2.519061925,0.657772946,4.547502491,2,0.552291039,0.259445844,2.128733424,2
6362.5,ABC,5,FA-6,F12-Fl,12,GFA-3,21.25,0.153,-999.25,0.115643724,18.79257086,0.14994,0.726383312,0.488913657,3.082575037,2,0.370052549,0.180637544,2.048591561,2
5873.1351,ABC,118,FA-6,F12-Fl,12,GFA-2,4.669,0.14,-999.25,0.180010363,3.828531617,0.1372,0.057610048,0.135249015,1.365365783,1,0.181333301,0.162790698,1.113904562,1
5744.2273,ABC,118,FA-6,F12-Fl,12,GFA-3,2.369,0.106,-999.25,0.21945116,1.849120202,0.10388,0.068060402,0.066379988,1.165145033,1,0.148442837,0.118568233,1.251961285,1
5742.9498,ABC,118,FA-6,F12-Fl,12,GFA-3,2.049,0.104,-999.25,0.228949989,1.579881473,0.10192,0.036116967,0.036469866,1.087601672,1,0.139374704,0.116071429,1.200766679,1
5745.4044,ABC,118,FA-6,F12-Fl,12,GFA-3,0.678,0.1,-999.25,0.316221801,0.463601619,0.098,0.193461868,-0.23123694,0.587168921,1,0.08176068,0.111111111,0.73584612,1
5740.5945,ABC,118,FA-6,F12-Fl,12,GFA-3,0.663,0.1,-999.25,0.318294349,0.451970847,0.098,0.329827793,-0.236950045,0.579495349,1,0.080851189,0.111111111,0.727660703,1
5710.671,ABC,118,FA-6,F12-Fl,12,GFA-3,0.155,0.11,-999.25,0.486557333,0.079583613,0.1078,0.216374715,-0.643848241,0.227065817,,0.037273412,0.123595506,0.301575791,0
5735.4116,ABC,118,FA-7,F18-Ps,18,GFA-3,0.276,0.072,-999.25,0.411116991,0.16253171,0.07056,0.245865036,-0.337480737,0.45974738,1,0.061477747,0.077586207,0.792379846,1
5836.3117,ABC,3,FA-8,F15-Glos,15,GFA-3,19.02,0.108,-999.25,0.119448695,16.74808583,0.10584,3.725411017,0.591297657,3.902093366,2,0.416699545,0.121076233,3.441629578,3
5812.875,ABC,3,FA-8,F15-Glos,15,GFA-3,2.51,0.123,-999.25,0.215777497,1.968398482,0.12054,0.486903898,0.025330132,1.06005923,1,0.141844974,0.140250855,1.011366199,1
5709.9598,ABC,1,FA-8,F15-Glos,15,GFA-3,1,0.117,-999.25,0.2823,0.7177,0.11466,0.229139921,-0.190912585,0.644298938,1,0.091798739,0.132502831,0.692805871,1
5711.2816,ABC,1,FA-8,F15-Glos,15,GFA-3,1,0.153,-999.25,0.2823,0.7177,0.14994,0.179332995,-0.291573396,0.511006711,1,0.080275669,0.180637544,0.444401905,0
5712.2992,ABC,1,FA-8,F15-Glos,15,GFA-3,1,0.123,-999.25,0.2823,0.7177,0.12054,0.018382658,-0.209678016,0.617052312,1,0.089531754,0.140250855,0.638368684,1
,,,,,,,,,,,,,,,,,,,,
,,,,,,,,,,,,,,,,,,,,
,,,,,,,,,,,,,,,,,,,,
,,,,,,,,,,,,,,,,,,,,
,,,,,,,,,,,,,,,,,,,,
,,,,,,,,,,,,,,,,,,,,
,,,,,,,,,,,,,,,,,,,,
,,,,,,,,,,,,,,,,,,,,
,,,,,,,,,,,,,,,,,,,,
,,,,,,,,,,,,,,,,,,,,
,,,,,,,,,,,,,,,,,,,,
,,,,,,,,,,,,,,,,,,,,
,,,,,,,,,,,,,,,,,,,,
,,,,,,,,,,,,,,,,,,,,
,,,,,,,,,,,,,,,,,,,,
,,,,,,,,,,,,,,,,,,,,
,,,,,,,,,,,,,,,,,,,,
,,,,,,,,,,,,,,,,,,,,
,,,,,,,,,,,,,,,,,,,,
,,,,,,,,,,,,,,,,,,,,
,,,,,,,,,,,,,,,,,,,,
,,,,,,,,,,,,,,,,,,,,
,,,,,,,,,,,,,,,,,,,,
,,,,,,,,,,,,,,,,,,,,
,,,,,,,,,,,,,,,,,,,,
,,,,,,,,,,,,,,,,,,,,
,,,,,,,,,,,,,,,,,,,,
,,,,,,,,,,,,,,,,,,,,
,,,,,,,,,,,,,,,,,,,,
,,,,,,,,,,,,,,,,,,,,
,,,,,,,,,,,,,,,,,,,,
,,,,,,,,,,,,,,,,,,,,
,,,,,,,,,,,,,,,,,,,,
,,,,,,,,,,,,,,,,,,,,
,,,,,,,,,,,,,,,,,,,,
,,,,,,,,,,,,,,,,,,,,
,,,,,,,,,,,,,,,,,,,,
,,,,,,,,,,,,,,,,,,,,
,,,,,,,,,,,,,,,,,,,,
,,,,,,,,,,,,,,,,,,,,
,,,,,,,,,,,,,,,,,,,,
,,,,,,,,,,,,,,,,,,,,
,,,,,,,,,,,,,,,,,,,,
,,,,,,,,,,,,,,,,,,,,
,,,,,,,,,,,,,,,,,,,,
,,,,,,,,,,,,,,,,,,,,
,,,,,,,,,,,,,,,,,,,,
,,,,,,,,,,,,,,,,,,,,
,,,,,,,,,,,,,,,,,,,,
,,,,,,,,,,,,,,,,,,,,
,,,,,,,,,,,,,,,,,,,,
,,,,,,,,,,,,,,,,,,,,
,,,,,,,,,,,,,,,,,,,,
,,,,,,,,,,,,,,,,,,,,
,,,,,,,,,,,,,,,,,,,,
,,,,,,,,,,,,,,,,,,,,
,,,,,,,,,,,,,,,,,,,,
,,,,,,,,,,,,,,,,,,,,
,,,,,,,,,,,,,,,,,,,,
,,,,,,,,,,,,,,,,,,,,
,,,,,,,,,,,,,,,,,,,,
,,,,,,,,,,,,,,,,,,,,
,,,,,,,,,,,,,,,,,,,,
,,,,,,,,,,,,,,,,,,,,
,,,,,,,,,,,,,,,,,,,,
,,,,,,,,,,,,,,,,,,,,
,,,,,,,,,,,,,,,,,,,,
,,,,,,,,,,,,,,,,,,,,
,,,,,,,,,,,,,,,,,,,,
,,,,,,,,,,,,,,,,,,,,
,,,,,,,,,,,,,,,,,,,,
,,,,,,,,,,,,,,,,,,,,
,,,,,,,,,,,,,,,,,,,,
,,,,,,,,,,,,,,,,,,,,
,,,,,,,,,,,,,,,,,,,,
,,,,,,,,,,,,,,,,,,,,
,,,,,,,,,,,,,,,,,,,,
,,,,,,,,,,,,,,,,,,,,
,,,,,,,,,,,,,,,,,,,,
,,,,,,,,,,,,,,,,,,,,
,,,,,,,,,,,,,,,,,,,,
,,,,,,,,,,,,,,,,,,,,
,,,,,,,,,,,,,,,,,,,,
,,,,,,,,,,,,,,,,,,,,
,,,,,,,,,,,,,,,,,,,,
,,,,,,,,,,,,,,,,,,,,
,,,,,,,,,,,,,,,,,,,,
,,,,,,,,,,,,,,,,,,,,
,,,,,,,,,,,,,,,,,,,,
,,,,,,,,,,,,,,,,,,,,
,,,,,,,,,,,,,,,,,,,,
,,,,,,,,,,,,,,,,,,,,
,,,,,,,,,,,,,,,,,,,,
,,,,,,,,,,,,,,,,,,,,
,,,,,,,,,,,,,,,,,,,,
,,,,,,,,,,,,,,,,,,,,
,,,,,,,,,,,,,,,,,,,,
,,,,,,,,,,,,,,,,,,,,
,,,,,,,,,,,,,,,,,,,,
,,,,,,,,,,,,,,,,,,,,
,,,,,,,,,,,,,,,,,,,,
,,,,,,,,,,,,,,,,,,,,
,,,,,,,,,,,,,,,,,,,,
,,,,,,,,,,,,,,,,,,,,
,,,,,,,,,,,,,,,,,,,,
,,,,,,,,,,,,,,,,,,,,
,,,,,,,,,,,,,,,,,,,,
,,,,,,,,,,,,,,,,,,,,
,,,,,,,,,,,,,,,,,,,,
,,,,,,,,,,,,,,,,,,,,
,,,,,,,,,,,,,,,,,,,,
,,,,,,,,,,,,,,,,,,,,
,,,,,,,,,,,,,,,,,,,,
,,,,,,,,,,,,,,,,,,,,
,,,,,,,,,,,,,,,,,,,,
,,,,,,,,,,,,,,,,,,,,
,,,,,,,,,,,,,,,,,,,,
,,,,,,,,,,,,,,,,,,,,
,,,,,,,,,,,,,,,,,,,,
,,,,,,,,,,,,,,,,,,,,
,,,,,,,,,,,,,,,,,,,,
,,,,,,,,,,,,,,,,,,,,
,,,,,,,,,,,,,,,,,,,,
,,,,,,,,,,,,,,,,,,,,
,,,,,,,,,,,,,,,,,,,,
,,,,,,,,,,,,,,,,,,,,
,,,,,,,,,,,,,,,,,,,,
,,,,,,,,,,,,,,,,,,,,
,,,,,,,,,,,,,,,,,,,,
,,,,,,,,,,,,,,,,,,,,
,,,,,,,,,,,,,,,,,,,,
,,,,,,,,,,,,,,,,,,,,
,,,,,,,,,,,,,,,,,,,,
,,,,,,,,,,,,,,,,,,,,
,,,,,,,,,,,,,,,,,,,,
,,,,,,,,,,,,,,,,,,,,
,,,,,,,,,,,,,,,,,,,,
,,,,,,,,,,,,,,,,,,,,
,,,,,,,,,,,,,,,,,,,,
,,,,,,,,,,,,,,,,,,,,
,,,,,,,,,,,,,,,,,,,,
,,,,,,,,,,,,,,,,,,,,
,,,,,,,,,,,,,,,,,,,,
,,,,,,,,,,,,,,,,,,,,
,,,,,,,,,,,,,,,,,,,,
,,,,,,,,,,,,,,,,,,,,
,,,,,,,,,,,,,,,,,,,,
,,,,,,,,,,,,,,,,,,,,
,,,,,,,,,,,,,,,,,,,,
,,,,,,,,,,,,,,,,,,,,
,,,,,,,,,,,,,,,,,,,,
,,,,,,,,,,,,,,,,,,,,
,,,,,,,,,,,,,,,,,,,,
,,,,,,,,,,,,,,,,,,,,
,,,,,,,,,,,,,,,,,,,,
,,,,,,,,,,,,,,,,,,,,
,,,,,,,,,,,,,,,,,,,,
,,,,,,,,,,,,,,,,,,,,
,,,,,,,,,,,,,,,,,,,,
,,,,,,,,,,,,,,,,,,,,
,,,,,,,,,,,,,,,,,,,,
,,,,,,,,,,,,,,,,,,,,
,,,,,,,,,,,,,,,,,,,,
,,,,,,,,,,,,,,,,,,,,
,,,,,,,,,,,,,,,,,,,,
,,,,,,,,,,,,,,,,,,,,
,,,,,,,,,,,,,,,,,,,,
,,,,,,,,,,,,,,,,,,,,
,,,,,,,,,,,,,,,,,,,,
,,,,,,,,,,,,,,,,,,,,
,,,,,,,,,,,,,,,,,,,,
,,,,,,,,,,,,,,,,,,,,
,,,,,,,,,,,,,,,,,,,,
,,,,,,,,,,,,,,,,,,,,
,,,,,,,,,,,,,,,,,,,,
,,,,,,,,,,,,,,,,,,,,
,,,,,,,,,,,,,,,,,,,,
,,,,,,,,,,,,,,,,,,,,
,,,,,,,,,,,,,,,,,,,,
,,,,,,,,,,,,,,,,,,,,
,,,,,,,,,,,,,,,,,,,,
,,,,,,,,,,,,,,,,,,,,
,,,,,,,,,,,,,,,,,,,,
,,,,,,,,,,,,,,,,,,,,
,,,,,,,,,,,,,,,,,,,,
,,,,,,,,,,,,,,,,,,,,
,,,,,,,,,,,,,,,,,,,,
,,,,,,,,,,,,,,,,,,,,
,,,,,,,,,,,,,,,,,,,,
,,,,,,,,,,,,,,,,,,,,
,,,,,,,,,,,,,,,,,,,,
,,,,,,,,,,,,,,,,,,,,
,,,,,,,,,,,,,,,,,,,,
,,,,,,,,,,,,,,,,,,,,
,,,,,,,,,,,,,,,,,,,,
,,,,,,,,,,,,,,,,,,,,
,,,,,,,,,,,,,,,,,,,,
,,,,,,,,,,,,,,,,,,,,
,,,,,,,,,,,,,,,,,,,,
,,,,,,,,,,,,,,,,,,,,
,,,,,,,,,,,,,,,,,,,,
,,,,,,,,,,,,,,,,,,,,
,,,,,,,,,,,,,,,,,,,,
,,,,,,,,,,,,,,,,,,,,
,,,,,,,,,,,,,,,,,,,,
,,,,,,,,,,,,,,,,,,,,
,,,,,,,,,,,,,,,,,,,,
,,,,,,,,,,,,,,,,,,,,
,,,,,,,,,,,,,,,,,,,,
,,,,,,,,,,,,,,,,,,,,
,,,,,,,,,,,,,,,,,,,,
,,,,,,,,,,,,,,,,,,,,
,,,,,,,,,,,,,,,,,,,,
,,,,,,,,,,,,,,,,,,,,
,,,,,,,,,,,,,,,,,,,,
,,,,,,,,,,,,,,,,,,,,
,,,,,,,,,,,,,,,,,,,,
,,,,,,,,,,,,,,,,,,,,
,,,,,,,,,,,,,,,,,,,,
,,,,,,,,,,,,,,,,,,,,
,,,,,,,,,,,,,,,,,,,,
,,,,,,,,,,,,,,,,,,,,
,,,,,,,,,,,,,,,,,,,,
,,,,,,,,,,,,,,,,,,,,
,,,,,,,,,,,,,,,,,,,,
,,,,,,,,,,,,,,,,,,,,
,,,,,,,,,,,,,,,,,,,,
,,,,,,,,,,,,,,,,,,,,
8080,D35,3,FA-6,Fd14-Fb,14,GFA-3,0.1,0.026,,,,,,,,,,,,
8082,D35,3,FA-6,Fd14-Fb,14,GFA-3,0.1,0.027,,,,,,,,,,,,
8084.799,D35,3,FA-6,Fd14-Fb,14,GFA-3,0.1,0.031,,,,,,,,,,,,
8087.6,D35,3,FA-6,Fd14-Fb,14,GFA-3,0.1,0.028,,,,,,,,,,,,
8088.801,D35,3,FA-6,Fd14-Fb,14,GFA-3,0.1,0.042,,,,,,,,,,,,
8089.899,D35,3,FA-6,Fd14-Fb,14,GFA-3,0.1,0.137,,,,,,,,,,,,
8034.8258,D35,3,FA-1,Fd3-Sx,3,GFA-1,0.1,0.118,,,,,,,,,,,,
8035.8326,D35,3,FA-1,Fd3-Sx,3,GFA-1,0.1,0.122,,,,,,,,,,,,
8036.8395,D35,3,FA-1,Fd3-Sx,3,GFA-1,1.84,0.127,,,,,,,,,,,,
8037.8463,D35,3,FA-1,Fd3-Sx,3,GFA-1,1.73,0.129,,,,,,,,,,,,
8038.9538,D35,3,FA-1,Fd3-Sx,3,GFA-1,0.1,0.109,,,,,,,,,,,,
8039.86,D35,3,FA-1,Fd3-Sx,3,GFA-1,1.29,0.124,,,,,,,,,,,,
8040.8668,D35,3,FA-1,Fd3-Sx,3,GFA-1,1.1,0.129,,,,,,,,,,,,
8041.8736,D35,3,FA-1,Fd3-Sx,3,GFA-1,0.82,0.131,,,,,,,,,,,,
8042.9801,D35,3,FA-1,Fd3-Sx,3,GFA-1,0.58,0.124,,,,,,,,,,,,
8043.8873,D35,3,FA-1,Fd3-Sx,3,GFA-1,1.26,0.104,,,,,,,,,,,,
8044.8941,D35,3,FA-1,Fd3-Sx,3,GFA-1,0.43,0.136,,,,,,,,,,,,
8045.9009,D35,3,FA-1,Fd3-Sx,3,GFA-1,0.1,0.132,,,,,,,,,,,,
8046.9078,D35,3,FA-1,Fd3-Sx,3,GFA-1,0.1,0.133,,,,,,,,,,,,
8047.9146,D35,3,FA-1,Fd3-Sx,3,GFA-1,1.52,0.133,,,,,,,,,,,,
8048.9214,D35,3,FA-1,Fd3-Sx,3,GFA-1,3.2,0.131,,,,,,,,,,,,
8049.9283,D35,3,FA-1,Fd3-Sx,3,GFA-1,1.02,0.126,,,,,,,,,,,,
8050.9351,D35,3,FA-1,Fd3-Sx,3,GFA-1,0.42,0.114,,,,,,,,,,,,
8051.9419,D35,3,FA-1,Fd3-Sx,3,GFA-1,1.39,0.13,,,,,,,,,,,,
8052.9488,D35,3,FA-1,Fd3-Sx,3,GFA-1,2.55,0.127,,,,,,,,,,,,
8053.9556,D35,3,FA-1,Fd3-Sx,3,GFA-1,2.74,0.129,,,,,,,,,,,,
8054.9624,D35,3,FA-1,Fd3-Sx,3,GFA-1,2.49,0.128,,,,,,,,,,,,
8055.9693,D35,3,FA-1,Fd3-Sx,3,GFA-1,2.49,0.127,,,,,,,,,,,,
8056.9761,D35,3,FA-1,Fd3-Sx,3,GFA-1,2.56,0.135,,,,,,,,,,,,
8057.9829,D35,3,FA-1,Fd3-Sx,3,GFA-1,3.55,0.134,,,,,,,,,,,,
8058.9898,D35,3,FA-1,Fd3-Sx,3,GFA-1,3.8,0.136,,,,,,,,,,,,
8059.9966,D35,3,FA-1,Fd3-Sx,3,GFA-1,3.46,0.137,,,,,,,,,,,,
8061,D35,3,FA-1,Fd3-Sx,3,GFA-1,3.251,0.137,,,,,,,,,,,,
8062,D35,3,FA-1,Fd3-Sx,3,GFA-1,0.1,0.062,,,,,,,,,,,,
8063,D35,3,FA-1,Fd3-Sx,3,GFA-1,0.1,0.137,,,,,,,,,,,,
8090.799,D35,3,FA-1,Fd3-Sxbi,3,GFA-1,0.1,0.127,,,,,,,,,,,,
8092.098,D35,3,FA-1,Fd3-Sxbi,3,GFA-1,0.1,0.115,,,,,,,,,,,,
8314.4887,D35,1,FA-1,Fd5-Srx,5,GFA-1,1,0.079,,,,,,,,,,,,
8271.3002,D35,1,FA-5,Fd6-Sdfl,6,GFA-2,1,0.104,,,,,,,,,,,,
8272.0011,D35,1,FA-5,Fd6-Sdfl,6,GFA-2,1,0.099,,,,,,,,,,,,
8273.0009,D35,1,FA-5,Fd6-Sdfl,6,GFA-2,1,0.099,,,,,,,,,,,,
8273.7997,D35,1,FA-5,Fd6-Sdfl,6,GFA-2,1,0.093,,,,,,,,,,,,
8279.3744,D35,1,FA-5,Fd6-Sdfl,6,GFA-3,1,0.057,,,,,,,,,,,,
8305.4433,D35,1,FA-5,Fd6-Sdfl,6,GFA-2,1,0.09,,,,,,,,,,,,
8306.2845,D35,1,FA-5,Fd6-Sdfl,6,GFA-2,1,0.128,,,,,,,,,,,,
8307.4433,D35,1,FA-5,Fd6-Sdfl,6,GFA-2,1,0.132,,,,,,,,,,,,
8308.4928,D35,1,FA-5,Fd6-Sdfl,6,GFA-2,1,0.118,,,,,,,,,,,,
8309.6516,D35,1,FA-5,Fd6-Sdfl,6,GFA-2,1,0.109,,,,,,,,,,,,
8311.5422,D35,1,FA-5,Fd6-Sdfl,6,GFA-2,1,0.088,,,,,,,,,,,,
8064,D35,3,FA-2,Fd9-Hms,3,GFA-2,4,0.139,,,,,,,,,,,,
8065,D35,3,FA-2,Fd9-Hms,9,GFA-2,0.1,0.061,,,,,,,,,,,,
8066,D35,3,FA-2,Fd9-Hms,9,GFA-2,0.1,0.04,,,,,,,,,,,,
8067.098,D35,3,FA-2,Fd9-Hms,9,GFA-2,0.1,0.045,,,,,,,,,,,,
8068,D35,3,FA-2,Fd9-Hms,9,GFA-2,0.1,0.046,,,,,,,,,,,,
8069,D35,3,FA-2,Fd9-Hms,9,GFA-2,0.1,0.041,,,,,,,,,,,,
8070.199,D35,3,FA-2,Fd9-Hms,9,GFA-2,0.1,0.033,,,,,,,,,,,,
8071.101,D35,3,FA-2,Fd9-Hms,9,GFA-2,0.1,0.03,,,,,,,,,,,,
8073.401,D35,3,FA-2,Fd9-Hms,9,GFA-2,0.1,0.023,,,,,,,,,,,,
8074.402,D35,3,FA-2,Fd9-Hms,9,GFA-2,0.1,0.043,,,,,,,,,,,,
8075.199,D35,3,FA-2,Fd9-Hms,9,GFA-2,0.1,0.038,,,,,,,,,,,,
8076.2,D35,3,FA-2,Fd9-Hms,9,GFA-2,0.1,0.042,,,,,,,,,,,,
8077.298,D35,3,FA-2,Fd9-Hms,9,GFA-2,3.91,0.041,,,,,,,,,,,,
8078.1,D35,3,FA-2,Fd9-Hms,9,GFA-2,0.1,0.039,,,,,,,,,,,,
